method,seed,well,probe,level,S_mean,S_sd,n,R
ae,0,W01,colog,0.05,0.132200,0.116475,7110,30
ae,0,W01,colog,0.1,0.132555,0.116261,7110,30
ae,0,W01,colog,0.25,0.131688,0.114224,7110,30
ae,0,W01,colog,0.5,0.129516,0.107514,7110,30
ae,0,W04,colog,0.05,0.151256,0.141263,4530,30
ae,0,W04,colog,0.1,0.151892,0.146958,4530,30
ae,0,W04,colog,0.25,0.150729,0.140144,4530,30
ae,0,W04,colog,0.5,0.148068,0.128288,4530,30
ae,0,W02,colog,0.05,0.137026,0.094862,2040,30
ae,0,W02,colog,0.1,0.136274,0.091812,2040,30
ae,0,W02,colog,0.25,0.136637,0.091099,2040,30
ae,0,W02,colog,0.5,0.136987,0.088110,2040,30
ae,0,W03,colog,0.05,0.143493,0.111626,1740,30
ae,0,W03,colog,0.1,0.138753,0.102005,1740,30
ae,0,W03,colog,0.25,0.137834,0.098525,1740,30
ae,0,W03,colog,0.5,0.136081,0.100772,1740,30
ae,0,W10,colog,0.05,0.121706,0.090534,1680,30
ae,0,W10,colog,0.1,0.123461,0.097197,1680,30
ae,0,W10,colog,0.25,0.118771,0.090556,1680,30
ae,0,W10,colog,0.5,0.119372,0.085399,1680,30
ae,0,W06,colog,0.05,0.156583,0.145277,1500,30
ae,0,W06,colog,0.1,0.156336,0.144538,1500,30
ae,0,W06,colog,0.25,0.149526,0.129581,1500,30
ae,0,W06,colog,0.5,0.156126,0.143823,1500,30
ae,0,W08,colog,0.05,0.179787,0.135690,810,30
ae,0,W08,colog,0.1,0.170790,0.136238,810,30
ae,0,W08,colog,0.25,0.175410,0.140759,810,30
ae,0,W08,colog,0.5,0.167083,0.117589,810,30
ae,0,W09,colog,0.05,0.178246,0.195285,510,30
ae,0,W09,colog,0.1,0.169017,0.186590,510,30
ae,0,W09,colog,0.25,0.174257,0.192127,510,30
ae,0,W09,colog,0.5,0.159383,0.155735,510,30
ae,1,W01,colog,0.05,0.141554,0.131281,7110,30
ae,1,W01,colog,0.1,0.139167,0.119131,7110,30
ae,1,W01,colog,0.25,0.139389,0.127733,7110,30
ae,1,W01,colog,0.5,0.138425,0.120943,7110,30
ae,1,W04,colog,0.05,0.153626,0.129727,4530,30
ae,1,W04,colog,0.1,0.154551,0.128292,4530,30
ae,1,W04,colog,0.25,0.153564,0.128221,4530,30
ae,1,W04,colog,0.5,0.152679,0.126035,4530,30
ae,1,W02,colog,0.05,0.151021,0.112563,2040,30
ae,1,W02,colog,0.1,0.152678,0.110271,2040,30
ae,1,W02,colog,0.25,0.143803,0.102374,2040,30
ae,1,W02,colog,0.5,0.145464,0.105926,2040,30
ae,1,W03,colog,0.05,0.149917,0.124889,1740,30
ae,1,W03,colog,0.1,0.153369,0.133445,1740,30
ae,1,W03,colog,0.25,0.148942,0.125830,1740,30
ae,1,W03,colog,0.5,0.147662,0.121039,1740,30
ae,1,W10,colog,0.05,0.143546,0.139729,1680,30
ae,1,W10,colog,0.1,0.141346,0.128847,1680,30
ae,1,W10,colog,0.25,0.141381,0.125578,1680,30
ae,1,W10,colog,0.5,0.137920,0.119357,1680,30
ae,1,W06,colog,0.05,0.138530,0.137752,1500,30
ae,1,W06,colog,0.1,0.137531,0.134392,1500,30
ae,1,W06,colog,0.25,0.135728,0.135232,1500,30
ae,1,W06,colog,0.5,0.136314,0.136766,1500,30
ae,1,W08,colog,0.05,0.143793,0.082959,810,30
ae,1,W08,colog,0.1,0.145310,0.088915,810,30
ae,1,W08,colog,0.25,0.143936,0.081639,810,30
ae,1,W08,colog,0.5,0.147723,0.085794,810,30
ae,1,W09,colog,0.05,0.170604,0.164485,510,30
ae,1,W09,colog,0.1,0.168444,0.138456,510,30
ae,1,W09,colog,0.25,0.172613,0.159286,510,30
ae,1,W09,colog,0.5,0.180570,0.156210,510,30
ae,2,W01,colog,0.05,0.150025,0.131539,7110,30
ae,2,W01,colog,0.1,0.153564,0.141225,7110,30
ae,2,W01,colog,0.25,0.154480,0.141017,7110,30
ae,2,W01,colog,0.5,0.150555,0.125737,7110,30
ae,2,W04,colog,0.05,0.150155,0.112015,4530,30
ae,2,W04,colog,0.1,0.149443,0.108018,4530,30
ae,2,W04,colog,0.25,0.150908,0.106361,4530,30
ae,2,W04,colog,0.5,0.150098,0.106721,4530,30
ae,2,W02,colog,0.05,0.138063,0.090335,2040,30
ae,2,W02,colog,0.1,0.133479,0.085553,2040,30
ae,2,W02,colog,0.25,0.135789,0.090519,2040,30
ae,2,W02,colog,0.5,0.136460,0.092309,2040,30
ae,2,W03,colog,0.05,0.151289,0.116001,1740,30
ae,2,W03,colog,0.1,0.150445,0.114992,1740,30
ae,2,W03,colog,0.25,0.141212,0.100633,1740,30
ae,2,W03,colog,0.5,0.142106,0.104200,1740,30
ae,2,W10,colog,0.05,0.150172,0.124036,1680,30
ae,2,W10,colog,0.1,0.149136,0.125663,1680,30
ae,2,W10,colog,0.25,0.147205,0.123657,1680,30
ae,2,W10,colog,0.5,0.147656,0.116763,1680,30
ae,2,W06,colog,0.05,0.145665,0.096528,1500,30
ae,2,W06,colog,0.1,0.146804,0.098478,1500,30
ae,2,W06,colog,0.25,0.144262,0.096888,1500,30
ae,2,W06,colog,0.5,0.142710,0.095421,1500,30
ae,2,W08,colog,0.05,0.223431,0.250485,810,30
ae,2,W08,colog,0.1,0.207803,0.209652,810,30
ae,2,W08,colog,0.25,0.195493,0.175727,810,30
ae,2,W08,colog,0.5,0.195136,0.165843,810,30
ae,2,W09,colog,0.05,0.136587,0.094800,510,30
ae,2,W09,colog,0.1,0.138696,0.095492,510,30
ae,2,W09,colog,0.25,0.130563,0.087504,510,30
ae,2,W09,colog,0.5,0.139041,0.100142,510,30
brits,0,W01,colog,0.05,0.081983,0.020205,7110,30
brits,0,W01,colog,0.1,0.081892,0.020141,7110,30
brits,0,W01,colog,0.25,0.081569,0.020230,7110,30
brits,0,W01,colog,0.5,0.080777,0.020599,7110,30
brits,0,W04,colog,0.05,0.070312,0.009298,4530,30
brits,0,W04,colog,0.1,0.070220,0.009282,4530,30
brits,0,W04,colog,0.25,0.070034,0.009027,4530,30
brits,0,W04,colog,0.5,0.069114,0.008699,4530,30
brits,0,W02,colog,0.05,0.078526,0.020249,2040,30
brits,0,W02,colog,0.1,0.078892,0.020101,2040,30
brits,0,W02,colog,0.25,0.079860,0.019721,2040,30
brits,0,W02,colog,0.5,0.081505,0.018692,2040,30
gnn,0,W01,colog,0.05,0.552489,0.121161,7110,30
gnn,0,W01,colog,0.1,0.552684,0.121732,7110,30
gnn,0,W01,colog,0.25,0.550976,0.120039,7110,30
gnn,0,W01,colog,0.5,0.544261,0.117671,7110,30
gnn,0,W01,neighbor,0.05,0.066344,0.031041,6900,30
gnn,0,W01,neighbor,0.1,0.066340,0.030945,6900,30
gnn,0,W01,neighbor,0.25,0.066521,0.030980,6900,30
gnn,0,W01,neighbor,0.5,0.066708,0.030692,6900,30
gnn,0,W04,colog,0.05,0.573585,0.110870,4530,30
gnn,0,W04,colog,0.1,0.573492,0.110459,4530,30
gnn,0,W04,colog,0.25,0.571068,0.107376,4530,30
gnn,0,W04,colog,0.5,0.565619,0.101285,4530,30
gnn,0,W04,neighbor,0.05,0.058926,0.020617,4530,30
gnn,0,W04,neighbor,0.1,0.058989,0.020507,4530,30
gnn,0,W04,neighbor,0.25,0.059362,0.019837,4530,30
gnn,0,W04,neighbor,0.5,0.060455,0.018141,4530,30
gnn,0,W02,colog,0.05,0.645949,0.074533,2040,30
gnn,0,W02,colog,0.1,0.645623,0.075047,2040,30
gnn,0,W02,colog,0.25,0.640732,0.074394,2040,30
gnn,0,W02,colog,0.5,0.626875,0.073876,2040,30
gnn,0,W02,neighbor,0.05,0.069146,0.031046,2040,30
gnn,0,W02,neighbor,0.1,0.069104,0.031153,2040,30
gnn,0,W02,neighbor,0.25,0.069211,0.030995,2040,30
gnn,0,W02,neighbor,0.5,0.069141,0.030447,2040,30
gnn,0,W03,colog,0.05,0.624593,0.062231,1740,30
gnn,0,W03,colog,0.1,0.624154,0.062776,1740,30
gnn,0,W03,colog,0.25,0.620241,0.061155,1740,30
gnn,0,W03,colog,0.5,0.607872,0.059246,1740,30
gnn,0,W03,neighbor,0.05,0.058825,0.020519,1740,30
gnn,0,W03,neighbor,0.1,0.058756,0.020463,1740,30
gnn,0,W03,neighbor,0.25,0.058751,0.020692,1740,30
gnn,0,W03,neighbor,0.5,0.059066,0.021712,1740,30
gnn,0,W10,colog,0.05,0.527035,0.104256,1680,30
gnn,0,W10,colog,0.1,0.527022,0.103031,1680,30
gnn,0,W10,colog,0.25,0.525830,0.101012,1680,30
gnn,0,W10,colog,0.5,0.519896,0.094853,1680,30
gnn,0,W10,neighbor,0.05,0.058280,0.027666,1680,30
gnn,0,W10,neighbor,0.1,0.058223,0.027646,1680,30
gnn,0,W10,neighbor,0.25,0.057938,0.026986,1680,30
gnn,0,W10,neighbor,0.5,0.057159,0.025429,1680,30
gnn,0,W06,colog,0.05,0.514127,0.146478,1500,30
gnn,0,W06,colog,0.1,0.513451,0.146125,1500,30
gnn,0,W06,colog,0.25,0.513173,0.144219,1500,30
gnn,0,W06,colog,0.5,0.508924,0.137567,1500,30
gnn,0,W06,neighbor,0.05,0.057122,0.021809,1500,30
gnn,0,W06,neighbor,0.1,0.057098,0.021704,1500,30
gnn,0,W06,neighbor,0.25,0.057336,0.021075,1500,30
gnn,0,W06,neighbor,0.5,0.057809,0.019595,1500,30
gnn,0,W08,colog,0.05,0.584336,0.089024,810,30
gnn,0,W08,colog,0.1,0.583762,0.090818,810,30
gnn,0,W08,colog,0.25,0.581159,0.090051,810,30
gnn,0,W08,colog,0.5,0.573176,0.087575,810,30
gnn,0,W08,neighbor,0.05,0.057660,0.018052,810,30
gnn,0,W08,neighbor,0.1,0.057584,0.018240,810,30
gnn,0,W08,neighbor,0.25,0.056941,0.018078,810,30
gnn,0,W08,neighbor,0.5,0.055284,0.018339,810,30
gnn,0,W09,colog,0.05,0.520228,0.111518,510,30
gnn,0,W09,colog,0.1,0.520316,0.114155,510,30
gnn,0,W09,colog,0.25,0.517447,0.109768,510,30
gnn,0,W09,colog,0.5,0.516628,0.110239,510,30
gnn,0,W09,neighbor,0.05,0.063690,0.029721,510,30
gnn,0,W09,neighbor,0.1,0.063785,0.029679,510,30
gnn,0,W09,neighbor,0.25,0.063683,0.029046,510,30
gnn,0,W09,neighbor,0.5,0.064377,0.027328,510,30
gnn,1,W01,colog,0.05,0.567711,0.123946,7110,30
gnn,1,W01,colog,0.1,0.567480,0.123841,7110,30
gnn,1,W01,colog,0.25,0.566908,0.122300,7110,30
gnn,1,W01,colog,0.5,0.563396,0.116620,7110,30
gnn,1,W01,neighbor,0.05,0.063136,0.029252,6900,30
gnn,1,W01,neighbor,0.1,0.063135,0.029178,6900,30
gnn,1,W01,neighbor,0.25,0.063488,0.028816,6900,30
gnn,1,W01,neighbor,0.5,0.064496,0.027808,6900,30
gnn,1,W04,colog,0.05,0.568158,0.094691,4530,30
gnn,1,W04,colog,0.1,0.567569,0.094022,4530,30
gnn,1,W04,colog,0.25,0.567128,0.092826,4530,30
gnn,1,W04,colog,0.5,0.563918,0.087813,4530,30
gnn,1,W04,neighbor,0.05,0.048942,0.021315,4530,30
gnn,1,W04,neighbor,0.1,0.049088,0.021268,4530,30
gnn,1,W04,neighbor,0.25,0.049566,0.020632,4530,30
gnn,1,W04,neighbor,0.5,0.051036,0.019065,4530,30
gnn,1,W02,colog,0.05,0.571267,0.068920,2040,30
gnn,1,W02,colog,0.1,0.570100,0.069039,2040,30
gnn,1,W02,colog,0.25,0.567487,0.067471,2040,30
gnn,1,W02,colog,0.5,0.558733,0.063602,2040,30
gnn,1,W02,neighbor,0.05,0.068462,0.038805,2040,30
gnn,1,W02,neighbor,0.1,0.068663,0.038817,2040,30
gnn,1,W02,neighbor,0.25,0.068659,0.038283,2040,30
gnn,1,W02,neighbor,0.5,0.069701,0.037465,2040,30
gnn,1,W03,colog,0.05,0.578688,0.070005,1740,30
gnn,1,W03,colog,0.1,0.577222,0.069184,1740,30
gnn,1,W03,colog,0.25,0.575195,0.069008,1740,30
gnn,1,W03,colog,0.5,0.568515,0.062391,1740,30
gnn,1,W03,neighbor,0.05,0.052805,0.022053,1740,30
gnn,1,W03,neighbor,0.1,0.052893,0.022238,1740,30
gnn,1,W03,neighbor,0.25,0.052928,0.022360,1740,30
gnn,1,W03,neighbor,0.5,0.053546,0.023425,1740,30
gnn,1,W10,colog,0.05,0.527640,0.118086,1680,30
gnn,1,W10,colog,0.1,0.526923,0.116940,1680,30
gnn,1,W10,colog,0.25,0.525654,0.115658,1680,30
gnn,1,W10,colog,0.5,0.524016,0.111402,1680,30
gnn,1,W10,neighbor,0.05,0.059303,0.019695,1680,30
gnn,1,W10,neighbor,0.1,0.059471,0.019784,1680,30
gnn,1,W10,neighbor,0.25,0.059244,0.019261,1680,30
gnn,1,W10,neighbor,0.5,0.058659,0.018264,1680,30
gnn,1,W06,colog,0.05,0.536940,0.155434,1500,30
gnn,1,W06,colog,0.1,0.536806,0.154732,1500,30
gnn,1,W06,colog,0.25,0.536812,0.152023,1500,30
gnn,1,W06,colog,0.5,0.535547,0.144462,1500,30
gnn,1,W06,neighbor,0.05,0.052906,0.020888,1500,30
gnn,1,W06,neighbor,0.1,0.052930,0.020941,1500,30
gnn,1,W06,neighbor,0.25,0.053174,0.020673,1500,30
gnn,1,W06,neighbor,0.5,0.053995,0.019785,1500,30
gnn,1,W08,colog,0.05,0.597900,0.118104,810,30
gnn,1,W08,colog,0.1,0.597806,0.118836,810,30
gnn,1,W08,colog,0.25,0.595486,0.116836,810,30
gnn,1,W08,colog,0.5,0.589368,0.114065,810,30
gnn,1,W08,neighbor,0.05,0.064175,0.021424,810,30
gnn,1,W08,neighbor,0.1,0.064113,0.021224,810,30
gnn,1,W08,neighbor,0.25,0.064150,0.021197,810,30
gnn,1,W08,neighbor,0.5,0.064042,0.021177,810,30
gnn,1,W09,colog,0.05,0.511049,0.117093,510,30
gnn,1,W09,colog,0.1,0.511399,0.118171,510,30
gnn,1,W09,colog,0.25,0.512861,0.115448,510,30
gnn,1,W09,colog,0.5,0.515430,0.111177,510,30
gnn,1,W09,neighbor,0.05,0.058885,0.026771,510,30
gnn,1,W09,neighbor,0.1,0.059115,0.027005,510,30
gnn,1,W09,neighbor,0.25,0.059450,0.026055,510,30
gnn,1,W09,neighbor,0.5,0.059778,0.023581,510,30
gnn,2,W01,colog,0.05,0.522278,0.139369,7110,30
gnn,2,W01,colog,0.1,0.522406,0.138892,7110,30
gnn,2,W01,colog,0.25,0.522044,0.136651,7110,30
gnn,2,W01,colog,0.5,0.520155,0.130239,7110,30
gnn,2,W01,neighbor,0.05,0.059759,0.041333,6900,30
gnn,2,W01,neighbor,0.1,0.059688,0.041113,6900,30
gnn,2,W01,neighbor,0.25,0.059829,0.040876,6900,30
gnn,2,W01,neighbor,0.5,0.060001,0.040140,6900,30
gnn,2,W04,colog,0.05,0.558788,0.089157,4530,30
gnn,2,W04,colog,0.1,0.558568,0.088159,4530,30
gnn,2,W04,colog,0.25,0.556258,0.086178,4530,30
gnn,2,W04,colog,0.5,0.549555,0.078108,4530,30
gnn,2,W04,neighbor,0.05,0.049470,0.023246,4530,30
gnn,2,W04,neighbor,0.1,0.049517,0.022950,4530,30
gnn,2,W04,neighbor,0.25,0.050329,0.022375,4530,30
gnn,2,W04,neighbor,0.5,0.052556,0.020999,4530,30
gnn,2,W02,colog,0.05,0.604759,0.093635,2040,30
gnn,2,W02,colog,0.1,0.604371,0.093103,2040,30
gnn,2,W02,colog,0.25,0.601156,0.092015,2040,30
gnn,2,W02,colog,0.5,0.589887,0.086612,2040,30
gnn,2,W02,neighbor,0.05,0.050185,0.023801,2040,30
gnn,2,W02,neighbor,0.1,0.050203,0.023875,2040,30
gnn,2,W02,neighbor,0.25,0.050646,0.024405,2040,30
gnn,2,W02,neighbor,0.5,0.051968,0.026027,2040,30
gnn,2,W03,colog,0.05,0.592066,0.085840,1740,30
gnn,2,W03,colog,0.1,0.591368,0.086569,1740,30
gnn,2,W03,colog,0.25,0.589850,0.084418,1740,30
gnn,2,W03,colog,0.5,0.580637,0.081027,1740,30
gnn,2,W03,neighbor,0.05,0.045921,0.018394,1740,30
gnn,2,W03,neighbor,0.1,0.045829,0.018375,1740,30
gnn,2,W03,neighbor,0.25,0.046172,0.018732,1740,30
gnn,2,W03,neighbor,0.5,0.046863,0.019934,1740,30
gnn,2,W10,colog,0.05,0.545411,0.122735,1680,30
gnn,2,W10,colog,0.1,0.544820,0.123401,1680,30
gnn,2,W10,colog,0.25,0.545068,0.120752,1680,30
gnn,2,W10,colog,0.5,0.539976,0.115523,1680,30
gnn,2,W10,neighbor,0.05,0.053556,0.022562,1680,30
gnn,2,W10,neighbor,0.1,0.053554,0.022333,1680,30
gnn,2,W10,neighbor,0.25,0.053646,0.021989,1680,30
gnn,2,W10,neighbor,0.5,0.053543,0.020124,1680,30
gnn,2,W06,colog,0.05,0.531703,0.120665,1500,30
gnn,2,W06,colog,0.1,0.532290,0.120257,1500,30
gnn,2,W06,colog,0.25,0.531276,0.118380,1500,30
gnn,2,W06,colog,0.5,0.525355,0.110760,1500,30
gnn,2,W06,neighbor,0.05,0.042198,0.015214,1500,30
gnn,2,W06,neighbor,0.1,0.042331,0.015239,1500,30
gnn,2,W06,neighbor,0.25,0.042887,0.014976,1500,30
gnn,2,W06,neighbor,0.5,0.044522,0.014402,1500,30
gnn,2,W08,colog,0.05,0.602938,0.101025,810,30
gnn,2,W08,colog,0.1,0.603030,0.100593,810,30
gnn,2,W08,colog,0.25,0.600876,0.098567,810,30
gnn,2,W08,colog,0.5,0.593519,0.097093,810,30
gnn,2,W08,neighbor,0.05,0.063112,0.015544,810,30
gnn,2,W08,neighbor,0.1,0.062971,0.015101,810,30
gnn,2,W08,neighbor,0.25,0.061982,0.014695,810,30
gnn,2,W08,neighbor,0.5,0.060092,0.013421,810,30
gnn,2,W09,colog,0.05,0.519161,0.096881,510,30
gnn,2,W09,colog,0.1,0.520518,0.096176,510,30
gnn,2,W09,colog,0.25,0.520797,0.096982,510,30
gnn,2,W09,colog,0.5,0.519083,0.094194,510,30
gnn,2,W09,neighbor,0.05,0.057381,0.017057,510,30
gnn,2,W09,neighbor,0.1,0.057433,0.017386,510,30
gnn,2,W09,neighbor,0.25,0.057159,0.016928,510,30
gnn,2,W09,neighbor,0.5,0.057047,0.015614,510,30
locf,0,W01,colog,0.05,0.000000,0.000000,7110,30
locf,0,W01,colog,0.1,0.000000,0.000000,7110,30
locf,0,W01,colog,0.25,0.000000,0.000000,7110,30
locf,0,W01,colog,0.5,0.000000,0.000000,7110,30
locf,0,W04,colog,0.05,0.000000,0.000000,4530,30
locf,0,W04,colog,0.1,0.000000,0.000000,4530,30
locf,0,W04,colog,0.25,0.000000,0.000000,4530,30
locf,0,W04,colog,0.5,0.000000,0.000000,4530,30
locf,0,W02,colog,0.05,0.000000,0.000000,2040,30
locf,0,W02,colog,0.1,0.000000,0.000000,2040,30
locf,0,W02,colog,0.25,0.000000,0.000000,2040,30
locf,0,W02,colog,0.5,0.000000,0.000000,2040,30
locf,0,W03,colog,0.05,0.000000,0.000000,1740,30
locf,0,W03,colog,0.1,0.000000,0.000000,1740,30
locf,0,W03,colog,0.25,0.000000,0.000000,1740,30
locf,0,W03,colog,0.5,0.000000,0.000000,1740,30
locf,0,W10,colog,0.05,0.000000,0.000000,1680,30
locf,0,W10,colog,0.1,0.000000,0.000000,1680,30
locf,0,W10,colog,0.25,0.000000,0.000000,1680,30
locf,0,W10,colog,0.5,0.000000,0.000000,1680,30
locf,0,W06,colog,0.05,0.000000,0.000000,1500,30
locf,0,W06,colog,0.1,0.000000,0.000000,1500,30
locf,0,W06,colog,0.25,0.000000,0.000000,1500,30
locf,0,W06,colog,0.5,0.000000,0.000000,1500,30
locf,0,W08,colog,0.05,0.000000,0.000000,810,30
locf,0,W08,colog,0.1,0.000000,0.000000,810,30
locf,0,W08,colog,0.25,0.000000,0.000000,810,30
locf,0,W08,colog,0.5,0.000000,0.000000,810,30
locf,0,W09,colog,0.05,0.000000,0.000000,510,30
locf,0,W09,colog,0.1,0.000000,0.000000,510,30
locf,0,W09,colog,0.25,0.000000,0.000000,510,30
locf,0,W09,colog,0.5,0.000000,0.000000,510,30
locf,1,W01,colog,0.05,0.000000,0.000000,7110,30
locf,1,W01,colog,0.1,0.000000,0.000000,7110,30
locf,1,W01,colog,0.25,0.000000,0.000000,7110,30
locf,1,W01,colog,0.5,0.000000,0.000000,7110,30
locf,1,W04,colog,0.05,0.000000,0.000000,4530,30
locf,1,W04,colog,0.1,0.000000,0.000000,4530,30
locf,1,W04,colog,0.25,0.000000,0.000000,4530,30
locf,1,W04,colog,0.5,0.000000,0.000000,4530,30
locf,1,W02,colog,0.05,0.000000,0.000000,2040,30
locf,1,W02,colog,0.1,0.000000,0.000000,2040,30
locf,1,W02,colog,0.25,0.000000,0.000000,2040,30
locf,1,W02,colog,0.5,0.000000,0.000000,2040,30
locf,1,W03,colog,0.05,0.000000,0.000000,1740,30
locf,1,W03,colog,0.1,0.000000,0.000000,1740,30
locf,1,W03,colog,0.25,0.000000,0.000000,1740,30
locf,1,W03,colog,0.5,0.000000,0.000000,1740,30
locf,1,W10,colog,0.05,0.000000,0.000000,1680,30
locf,1,W10,colog,0.1,0.000000,0.000000,1680,30
locf,1,W10,colog,0.25,0.000000,0.000000,1680,30
locf,1,W10,colog,0.5,0.000000,0.000000,1680,30
locf,1,W06,colog,0.05,0.000000,0.000000,1500,30
locf,1,W06,colog,0.1,0.000000,0.000000,1500,30
locf,1,W06,colog,0.25,0.000000,0.000000,1500,30
locf,1,W06,colog,0.5,0.000000,0.000000,1500,30
locf,1,W08,colog,0.05,0.000000,0.000000,810,30
locf,1,W08,colog,0.1,0.000000,0.000000,810,30
locf,1,W08,colog,0.25,0.000000,0.000000,810,30
locf,1,W08,colog,0.5,0.000000,0.000000,810,30
locf,1,W09,colog,0.05,0.000000,0.000000,510,30
locf,1,W09,colog,0.1,0.000000,0.000000,510,30
locf,1,W09,colog,0.25,0.000000,0.000000,510,30
locf,1,W09,colog,0.5,0.000000,0.000000,510,30
locf,2,W01,colog,0.05,0.000000,0.000000,7110,30
locf,2,W01,colog,0.1,0.000000,0.000000,7110,30
locf,2,W01,colog,0.25,0.000000,0.000000,7110,30
locf,2,W01,colog,0.5,0.000000,0.000000,7110,30
locf,2,W04,colog,0.05,0.000000,0.000000,4530,30
locf,2,W04,colog,0.1,0.000000,0.000000,4530,30
locf,2,W04,colog,0.25,0.000000,0.000000,4530,30
locf,2,W04,colog,0.5,0.000000,0.000000,4530,30
locf,2,W02,colog,0.05,0.000000,0.000000,2040,30
locf,2,W02,colog,0.1,0.000000,0.000000,2040,30
locf,2,W02,colog,0.25,0.000000,0.000000,2040,30
locf,2,W02,colog,0.5,0.000000,0.000000,2040,30
locf,2,W03,colog,0.05,0.000000,0.000000,1740,30
locf,2,W03,colog,0.1,0.000000,0.000000,1740,30
locf,2,W03,colog,0.25,0.000000,0.000000,1740,30
locf,2,W03,colog,0.5,0.000000,0.000000,1740,30
locf,2,W10,colog,0.05,0.000000,0.000000,1680,30
locf,2,W10,colog,0.1,0.000000,0.000000,1680,30
locf,2,W10,colog,0.25,0.000000,0.000000,1680,30
locf,2,W10,colog,0.5,0.000000,0.000000,1680,30
locf,2,W06,colog,0.05,0.000000,0.000000,1500,30
locf,2,W06,colog,0.1,0.000000,0.000000,1500,30
locf,2,W06,colog,0.25,0.000000,0.000000,1500,30
locf,2,W06,colog,0.5,0.000000,0.000000,1500,30
locf,2,W08,colog,0.05,0.000000,0.000000,810,30
locf,2,W08,colog,0.1,0.000000,0.000000,810,30
locf,2,W08,colog,0.25,0.000000,0.000000,810,30
locf,2,W08,colog,0.5,0.000000,0.000000,810,30
locf,2,W09,colog,0.05,0.000000,0.000000,510,30
locf,2,W09,colog,0.1,0.000000,0.000000,510,30
locf,2,W09,colog,0.25,0.000000,0.000000,510,30
locf,2,W09,colog,0.5,0.000000,0.000000,510,30
mean,0,W01,colog,0.05,0.000000,0.000000,7110,30
mean,0,W01,colog,0.1,0.000000,0.000000,7110,30
mean,0,W01,colog,0.25,0.000000,0.000000,7110,30
mean,0,W01,colog,0.5,0.000000,0.000000,7110,30
mean,0,W04,colog,0.05,0.000000,0.000000,4530,30
mean,0,W04,colog,0.1,0.000000,0.000000,4530,30
mean,0,W04,colog,0.25,0.000000,0.000000,4530,30
mean,0,W04,colog,0.5,0.000000,0.000000,4530,30
mean,0,W02,colog,0.05,0.000000,0.000000,2040,30
mean,0,W02,colog,0.1,0.000000,0.000000,2040,30
mean,0,W02,colog,0.25,0.000000,0.000000,2040,30
mean,0,W02,colog,0.5,0.000000,0.000000,2040,30
mean,0,W03,colog,0.05,0.000000,0.000000,1740,30
mean,0,W03,colog,0.1,0.000000,0.000000,1740,30
mean,0,W03,colog,0.25,0.000000,0.000000,1740,30
mean,0,W03,colog,0.5,0.000000,0.000000,1740,30
mean,0,W10,colog,0.05,0.000000,0.000000,1680,30
mean,0,W10,colog,0.1,0.000000,0.000000,1680,30
mean,0,W10,colog,0.25,0.000000,0.000000,1680,30
mean,0,W10,colog,0.5,0.000000,0.000000,1680,30
mean,0,W06,colog,0.05,0.000000,0.000000,1500,30
mean,0,W06,colog,0.1,0.000000,0.000000,1500,30
mean,0,W06,colog,0.25,0.000000,0.000000,1500,30
mean,0,W06,colog,0.5,0.000000,0.000000,1500,30
mean,0,W08,colog,0.05,0.000000,0.000000,810,30
mean,0,W08,colog,0.1,0.000000,0.000000,810,30
mean,0,W08,colog,0.25,0.000000,0.000000,810,30
mean,0,W08,colog,0.5,0.000000,0.000000,810,30
mean,0,W09,colog,0.05,0.000000,0.000000,510,30
mean,0,W09,colog,0.1,0.000000,0.000000,510,30
mean,0,W09,colog,0.25,0.000000,0.000000,510,30
mean,0,W09,colog,0.5,0.000000,0.000000,510,30
mean,1,W01,colog,0.05,0.000000,0.000000,7110,30
mean,1,W01,colog,0.1,0.000000,0.000000,7110,30
mean,1,W01,colog,0.25,0.000000,0.000000,7110,30
mean,1,W01,colog,0.5,0.000000,0.000000,7110,30
mean,1,W04,colog,0.05,0.000000,0.000000,4530,30
mean,1,W04,colog,0.1,0.000000,0.000000,4530,30
mean,1,W04,colog,0.25,0.000000,0.000000,4530,30
mean,1,W04,colog,0.5,0.000000,0.000000,4530,30
mean,1,W02,colog,0.05,0.000000,0.000000,2040,30
mean,1,W02,colog,0.1,0.000000,0.000000,2040,30
mean,1,W02,colog,0.25,0.000000,0.000000,2040,30
mean,1,W02,colog,0.5,0.000000,0.000000,2040,30
mean,1,W03,colog,0.05,0.000000,0.000000,1740,30
mean,1,W03,colog,0.1,0.000000,0.000000,1740,30
mean,1,W03,colog,0.25,0.000000,0.000000,1740,30
mean,1,W03,colog,0.5,0.000000,0.000000,1740,30
mean,1,W10,colog,0.05,0.000000,0.000000,1680,30
mean,1,W10,colog,0.1,0.000000,0.000000,1680,30
mean,1,W10,colog,0.25,0.000000,0.000000,1680,30
mean,1,W10,colog,0.5,0.000000,0.000000,1680,30
mean,1,W06,colog,0.05,0.000000,0.000000,1500,30
mean,1,W06,colog,0.1,0.000000,0.000000,1500,30
mean,1,W06,colog,0.25,0.000000,0.000000,1500,30
mean,1,W06,colog,0.5,0.000000,0.000000,1500,30
mean,1,W08,colog,0.05,0.000000,0.000000,810,30
mean,1,W08,colog,0.1,0.000000,0.000000,810,30
mean,1,W08,colog,0.25,0.000000,0.000000,810,30
mean,1,W08,colog,0.5,0.000000,0.000000,810,30
mean,1,W09,colog,0.05,0.000000,0.000000,510,30
mean,1,W09,colog,0.1,0.000000,0.000000,510,30
mean,1,W09,colog,0.25,0.000000,0.000000,510,30
mean,1,W09,colog,0.5,0.000000,0.000000,510,30
mean,2,W01,colog,0.05,0.000000,0.000000,7110,30
mean,2,W01,colog,0.1,0.000000,0.000000,7110,30
mean,2,W01,colog,0.25,0.000000,0.000000,7110,30
mean,2,W01,colog,0.5,0.000000,0.000000,7110,30
mean,2,W04,colog,0.05,0.000000,0.000000,4530,30
mean,2,W04,colog,0.1,0.000000,0.000000,4530,30
mean,2,W04,colog,0.25,0.000000,0.000000,4530,30
mean,2,W04,colog,0.5,0.000000,0.000000,4530,30
mean,2,W02,colog,0.05,0.000000,0.000000,2040,30
mean,2,W02,colog,0.1,0.000000,0.000000,2040,30
mean,2,W02,colog,0.25,0.000000,0.000000,2040,30
mean,2,W02,colog,0.5,0.000000,0.000000,2040,30
mean,2,W03,colog,0.05,0.000000,0.000000,1740,30
mean,2,W03,colog,0.1,0.000000,0.000000,1740,30
mean,2,W03,colog,0.25,0.000000,0.000000,1740,30
mean,2,W03,colog,0.5,0.000000,0.000000,1740,30
mean,2,W10,colog,0.05,0.000000,0.000000,1680,30
mean,2,W10,colog,0.1,0.000000,0.000000,1680,30
mean,2,W10,colog,0.25,0.000000,0.000000,1680,30
mean,2,W10,colog,0.5,0.000000,0.000000,1680,30
mean,2,W06,colog,0.05,0.000000,0.000000,1500,30
mean,2,W06,colog,0.1,0.000000,0.000000,1500,30
mean,2,W06,colog,0.25,0.000000,0.000000,1500,30
mean,2,W06,colog,0.5,0.000000,0.000000,1500,30
mean,2,W08,colog,0.05,0.000000,0.000000,810,30
mean,2,W08,colog,0.1,0.000000,0.000000,810,30
mean,2,W08,colog,0.25,0.000000,0.000000,810,30
mean,2,W08,colog,0.5,0.000000,0.000000,810,30
mean,2,W09,colog,0.05,0.000000,0.000000,510,30
mean,2,W09,colog,0.1,0.000000,0.000000,510,30
mean,2,W09,colog,0.25,0.000000,0.000000,510,30
mean,2,W09,colog,0.5,0.000000,0.000000,510,30
mice,0,W01,colog,0.05,0.647735,0.054497,7110,30
mice,0,W01,colog,0.1,0.648393,0.054484,7110,30
mice,0,W01,colog,0.25,0.648410,0.054307,7110,30
mice,0,W01,colog,0.5,0.648155,0.054623,7110,30
mice,0,W04,colog,0.05,0.668162,0.061310,4530,30
mice,0,W04,colog,0.1,0.668548,0.061512,4530,30
mice,0,W04,colog,0.25,0.668099,0.061697,4530,30
mice,0,W04,colog,0.5,0.668502,0.061987,4530,30
mice,0,W02,colog,0.05,0.683165,0.067317,2040,30
mice,0,W02,colog,0.1,0.683434,0.066663,2040,30
mice,0,W02,colog,0.25,0.683089,0.067906,2040,30
mice,0,W02,colog,0.5,0.683367,0.067731,2040,30
mice,0,W03,colog,0.05,0.680288,0.066052,1740,30
mice,0,W03,colog,0.1,0.680727,0.065450,1740,30
mice,0,W03,colog,0.25,0.680450,0.066024,1740,30
mice,0,W03,colog,0.5,0.679854,0.065647,1740,30
mice,0,W10,colog,0.05,0.724178,0.087897,1680,30
mice,0,W10,colog,0.1,0.724217,0.087047,1680,30
mice,0,W10,colog,0.25,0.724831,0.088050,1680,30
mice,0,W10,colog,0.5,0.723495,0.087436,1680,30
mice,0,W06,colog,0.05,0.714729,0.085711,1500,30
mice,0,W06,colog,0.1,0.714657,0.084632,1500,30
mice,0,W06,colog,0.25,0.715392,0.085813,1500,30
mice,0,W06,colog,0.5,0.715134,0.084866,1500,30
mice,0,W08,colog,0.05,0.679941,0.066883,810,30
mice,0,W08,colog,0.1,0.678989,0.065381,810,30
mice,0,W08,colog,0.25,0.679208,0.065418,810,30
mice,0,W08,colog,0.5,0.679802,0.066708,810,30
mice,0,W09,colog,0.05,0.689227,0.070893,510,30
mice,0,W09,colog,0.1,0.689767,0.069516,510,30
mice,0,W09,colog,0.25,0.686827,0.071861,510,30
mice,0,W09,colog,0.5,0.690530,0.070726,510,30
mice,1,W01,colog,0.05,0.647993,0.054962,7110,30
mice,1,W01,colog,0.1,0.647773,0.055478,7110,30
mice,1,W01,colog,0.25,0.648109,0.055401,7110,30
mice,1,W01,colog,0.5,0.648129,0.055270,7110,30
mice,1,W04,colog,0.05,0.662895,0.062020,4530,30
mice,1,W04,colog,0.1,0.662976,0.062459,4530,30
mice,1,W04,colog,0.25,0.663124,0.061892,4530,30
mice,1,W04,colog,0.5,0.663447,0.061967,4530,30
mice,1,W02,colog,0.05,0.668987,0.070468,2040,30
mice,1,W02,colog,0.1,0.668129,0.071038,2040,30
mice,1,W02,colog,0.25,0.668363,0.071558,2040,30
mice,1,W02,colog,0.5,0.668429,0.071185,2040,30
mice,1,W03,colog,0.05,0.670814,0.069225,1740,30
mice,1,W03,colog,0.1,0.669794,0.068539,1740,30
mice,1,W03,colog,0.25,0.670371,0.069630,1740,30
mice,1,W03,colog,0.5,0.671249,0.069967,1740,30
mice,1,W10,colog,0.05,0.710372,0.090559,1680,30
mice,1,W10,colog,0.1,0.709692,0.090699,1680,30
mice,1,W10,colog,0.25,0.708856,0.090678,1680,30
mice,1,W10,colog,0.5,0.709613,0.091029,1680,30
mice,1,W06,colog,0.05,0.705582,0.089286,1500,30
mice,1,W06,colog,0.1,0.705236,0.087513,1500,30
mice,1,W06,colog,0.25,0.705617,0.089373,1500,30
mice,1,W06,colog,0.5,0.704440,0.088284,1500,30
mice,1,W08,colog,0.05,0.695382,0.079289,810,30
mice,1,W08,colog,0.1,0.695684,0.078459,810,30
mice,1,W08,colog,0.25,0.695063,0.078960,810,30
mice,1,W08,colog,0.5,0.695683,0.079383,810,30
mice,1,W09,colog,0.05,0.692821,0.082157,510,30
mice,1,W09,colog,0.1,0.693242,0.081723,510,30
mice,1,W09,colog,0.25,0.694068,0.082087,510,30
mice,1,W09,colog,0.5,0.694430,0.080729,510,30
mice,2,W01,colog,0.05,0.652068,0.056574,7110,30
mice,2,W01,colog,0.1,0.651839,0.056029,7110,30
mice,2,W01,colog,0.25,0.652176,0.055985,7110,30
mice,2,W01,colog,0.5,0.651954,0.056096,7110,30
mice,2,W04,colog,0.05,0.664105,0.062658,4530,30
mice,2,W04,colog,0.1,0.664283,0.061985,4530,30
mice,2,W04,colog,0.25,0.664093,0.061821,4530,30
mice,2,W04,colog,0.5,0.664592,0.062106,4530,30
mice,2,W02,colog,0.05,0.672231,0.071589,2040,30
mice,2,W02,colog,0.1,0.672152,0.069815,2040,30
mice,2,W02,colog,0.25,0.673083,0.071032,2040,30
mice,2,W02,colog,0.5,0.672133,0.071228,2040,30
mice,2,W03,colog,0.05,0.666083,0.068204,1740,30
mice,2,W03,colog,0.1,0.665882,0.067798,1740,30
mice,2,W03,colog,0.25,0.666632,0.068436,1740,30
mice,2,W03,colog,0.5,0.665875,0.068145,1740,30
mice,2,W10,colog,0.05,0.707088,0.090334,1680,30
mice,2,W10,colog,0.1,0.706709,0.089298,1680,30
mice,2,W10,colog,0.25,0.708554,0.089913,1680,30
mice,2,W10,colog,0.5,0.707498,0.089759,1680,30
mice,2,W06,colog,0.05,0.696527,0.086069,1500,30
mice,2,W06,colog,0.1,0.697414,0.085164,1500,30
mice,2,W06,colog,0.25,0.697218,0.085646,1500,30
mice,2,W06,colog,0.5,0.696158,0.085486,1500,30
mice,2,W08,colog,0.05,0.684790,0.080112,810,30
mice,2,W08,colog,0.1,0.684832,0.079987,810,30
mice,2,W08,colog,0.25,0.685279,0.080773,810,30
mice,2,W08,colog,0.5,0.684083,0.079216,810,30
mice,2,W09,colog,0.05,0.685402,0.084596,510,30
mice,2,W09,colog,0.1,0.687416,0.084714,510,30
mice,2,W09,colog,0.25,0.687511,0.084230,510,30
mice,2,W09,colog,0.5,0.686460,0.084014,510,30
rf,0,W01,colog,0.05,6.329578,2.735614,7110,30
rf,0,W01,colog,0.1,3.492011,1.501233,7110,30
rf,0,W01,colog,0.25,1.727472,0.669421,7110,30
rf,0,W01,colog,0.5,1.139824,0.386454,7110,30
rf,0,W04,colog,0.05,6.732430,1.836806,4530,30
rf,0,W04,colog,0.1,3.696798,0.944093,4530,30
rf,0,W04,colog,0.25,1.762589,0.417973,4530,30
rf,0,W04,colog,0.5,1.147173,0.267256,4530,30
rf,0,W02,colog,0.05,6.721624,1.604414,2040,30
rf,0,W02,colog,0.1,3.692000,0.862352,2040,30
rf,0,W02,colog,0.25,1.795333,0.419138,2040,30
rf,0,W02,colog,0.5,1.173883,0.282619,2040,30
rf,0,W03,colog,0.05,6.749482,1.335919,1740,30
rf,0,W03,colog,0.1,3.690955,0.719666,1740,30
rf,0,W03,colog,0.25,1.759457,0.344645,1740,30
rf,0,W03,colog,0.5,1.141146,0.238286,1740,30
rf,0,W10,colog,0.05,6.048983,1.803365,1680,30
rf,0,W10,colog,0.1,3.340741,0.965594,1680,30
rf,0,W10,colog,0.25,1.652514,0.440954,1680,30
rf,0,W10,colog,0.5,1.095180,0.283588,1680,30
rf,0,W06,colog,0.05,6.098338,1.621498,1500,30
rf,0,W06,colog,0.1,3.338068,0.877095,1500,30
rf,0,W06,colog,0.25,1.657484,0.448108,1500,30
rf,0,W06,colog,0.5,1.113088,0.310270,1500,30
rf,0,W08,colog,0.05,5.366943,1.631211,810,30
rf,0,W08,colog,0.1,2.876155,0.828490,810,30
rf,0,W08,colog,0.25,1.416351,0.345702,810,30
rf,0,W08,colog,0.5,0.985750,0.233322,810,30
rf,0,W09,colog,0.05,6.028245,1.618594,510,30
rf,0,W09,colog,0.1,3.294222,0.851116,510,30
rf,0,W09,colog,0.25,1.597806,0.378197,510,30
rf,0,W09,colog,0.5,1.026957,0.229206,510,30
rf,1,W01,colog,0.05,6.186154,2.802495,7110,30
rf,1,W01,colog,0.1,3.409336,1.523736,7110,30
rf,1,W01,colog,0.25,1.699695,0.674703,7110,30
rf,1,W01,colog,0.5,1.134233,0.386555,7110,30
rf,1,W04,colog,0.05,6.579518,1.773671,4530,30
rf,1,W04,colog,0.1,3.612509,0.914151,4530,30
rf,1,W04,colog,0.25,1.720341,0.411786,4530,30
rf,1,W04,colog,0.5,1.119192,0.267420,4530,30
rf,1,W02,colog,0.05,6.527950,1.589716,2040,30
rf,1,W02,colog,0.1,3.572078,0.861872,2040,30
rf,1,W02,colog,0.25,1.730354,0.413215,2040,30
rf,1,W02,colog,0.5,1.126272,0.274148,2040,30
rf,1,W03,colog,0.05,6.586898,1.455132,1740,30
rf,1,W03,colog,0.1,3.601422,0.783885,1740,30
rf,1,W03,colog,0.25,1.725443,0.380502,1740,30
rf,1,W03,colog,0.5,1.118405,0.255757,1740,30
rf,1,W10,colog,0.05,5.949346,1.362253,1680,30
rf,1,W10,colog,0.1,3.255052,0.750164,1680,30
rf,1,W10,colog,0.25,1.587531,0.349013,1680,30
rf,1,W10,colog,0.5,1.054990,0.247804,1680,30
rf,1,W06,colog,0.05,6.347668,1.501967,1500,30
rf,1,W06,colog,0.1,3.447390,0.832357,1500,30
rf,1,W06,colog,0.25,1.653559,0.413691,1500,30
rf,1,W06,colog,0.5,1.108457,0.294967,1500,30
rf,1,W08,colog,0.05,5.776432,1.769710,810,30
rf,1,W08,colog,0.1,3.102283,0.883343,810,30
rf,1,W08,colog,0.25,1.507579,0.371304,810,30
rf,1,W08,colog,0.5,1.056683,0.258470,810,30
rf,1,W09,colog,0.05,6.557872,1.258336,510,30
rf,1,W09,colog,0.1,3.554935,0.685969,510,30
rf,1,W09,colog,0.25,1.692279,0.317837,510,30
rf,1,W09,colog,0.5,1.068113,0.197830,510,30
rf,2,W01,colog,0.05,6.182677,2.652452,7110,30
rf,2,W01,colog,0.1,3.423519,1.458225,7110,30
rf,2,W01,colog,0.25,1.720767,0.669699,7110,30
rf,2,W01,colog,0.5,1.152332,0.398971,7110,30
rf,2,W04,colog,0.05,6.600861,1.725743,4530,30
rf,2,W04,colog,0.1,3.613649,0.883885,4530,30
rf,2,W04,colog,0.25,1.718665,0.401074,4530,30
rf,2,W04,colog,0.5,1.126042,0.266201,4530,30
rf,2,W02,colog,0.05,6.597554,1.648968,2040,30
rf,2,W02,colog,0.1,3.616366,0.877790,2040,30
rf,2,W02,colog,0.25,1.755790,0.427619,2040,30
rf,2,W02,colog,0.5,1.144703,0.292253,2040,30
rf,2,W03,colog,0.05,6.413981,1.339189,1740,30
rf,2,W03,colog,0.1,3.528701,0.746055,1740,30
rf,2,W03,colog,0.25,1.695272,0.365845,1740,30
rf,2,W03,colog,0.5,1.101064,0.254106,1740,30
rf,2,W10,colog,0.05,6.102703,1.432655,1680,30
rf,2,W10,colog,0.1,3.337254,0.782559,1680,30
rf,2,W10,colog,0.25,1.621728,0.368463,1680,30
rf,2,W10,colog,0.5,1.064253,0.240587,1680,30
rf,2,W06,colog,0.05,6.203607,1.500184,1500,30
rf,2,W06,colog,0.1,3.413728,0.869978,1500,30
rf,2,W06,colog,0.25,1.695874,0.471092,1500,30
rf,2,W06,colog,0.5,1.114618,0.306360,1500,30
rf,2,W08,colog,0.05,5.513666,1.526212,810,30
rf,2,W08,colog,0.1,2.975405,0.784293,810,30
rf,2,W08,colog,0.25,1.450092,0.336812,810,30
rf,2,W08,colog,0.5,1.021108,0.250937,810,30
rf,2,W09,colog,0.05,6.387734,1.474035,510,30
rf,2,W09,colog,0.1,3.494595,0.793519,510,30
rf,2,W09,colog,0.25,1.694977,0.373959,510,30
rf,2,W09,colog,0.5,1.076458,0.222279,510,30
saits,0,W01,colog,0.05,0.188747,0.051637,7110,30
saits,0,W01,colog,0.1,0.186447,0.051690,7110,30
saits,0,W01,colog,0.25,0.173292,0.051461,7110,30
saits,0,W01,colog,0.5,0.146886,0.051414,7110,30
saits,0,W04,colog,0.05,0.275426,0.082144,4530,30
saits,0,W04,colog,0.1,0.262633,0.078611,4530,30
saits,0,W04,colog,0.25,0.211580,0.066595,4530,30
saits,0,W04,colog,0.5,0.159056,0.054159,4530,30
saits,0,W02,colog,0.05,0.249760,0.050493,2040,30
saits,0,W02,colog,0.1,0.238127,0.051325,2040,30
saits,0,W02,colog,0.25,0.193183,0.059095,2040,30
saits,0,W02,colog,0.5,0.154248,0.056513,2040,30
saits,0,W03,colog,0.05,0.223404,0.051341,1740,30
saits,0,W03,colog,0.1,0.214255,0.051639,1740,30
saits,0,W03,colog,0.25,0.178098,0.049879,1740,30
saits,0,W03,colog,0.5,0.144416,0.044668,1740,30
saits,0,W10,colog,0.05,0.265443,0.051785,1680,30
saits,0,W10,colog,0.1,0.255137,0.052589,1680,30
saits,0,W10,colog,0.25,0.210326,0.057179,1680,30
saits,0,W10,colog,0.5,0.157945,0.051524,1680,30
saits,0,W06,colog,0.05,0.274354,0.053016,1500,30
saits,0,W06,colog,0.1,0.263869,0.052812,1500,30
saits,0,W06,colog,0.25,0.219845,0.055519,1500,30
saits,0,W06,colog,0.5,0.167330,0.058884,1500,30
saits,0,W08,colog,0.05,0.282202,0.047300,810,30
saits,0,W08,colog,0.1,0.271280,0.046691,810,30
saits,0,W08,colog,0.25,0.229471,0.045924,810,30
saits,0,W08,colog,0.5,0.180627,0.043429,810,30
saits,0,W09,colog,0.05,0.247522,0.039061,510,30
saits,0,W09,colog,0.1,0.239531,0.039347,510,30
saits,0,W09,colog,0.25,0.203044,0.038639,510,30
saits,0,W09,colog,0.5,0.157377,0.038549,510,30
saits,1,W01,colog,0.05,0.191718,0.052366,7110,30
saits,1,W01,colog,0.1,0.189138,0.052465,7110,30
saits,1,W01,colog,0.25,0.175460,0.052618,7110,30
saits,1,W01,colog,0.5,0.149141,0.053323,7110,30
saits,1,W04,colog,0.05,0.278993,0.078371,4530,30
saits,1,W04,colog,0.1,0.265140,0.074097,4530,30
saits,1,W04,colog,0.25,0.214559,0.063817,4530,30
saits,1,W04,colog,0.5,0.163339,0.053083,4530,30
saits,1,W02,colog,0.05,0.254178,0.052638,2040,30
saits,1,W02,colog,0.1,0.243545,0.053734,2040,30
saits,1,W02,colog,0.25,0.202355,0.062389,2040,30
saits,1,W02,colog,0.5,0.163708,0.059093,2040,30
saits,1,W03,colog,0.05,0.229562,0.050439,1740,30
saits,1,W03,colog,0.1,0.220192,0.049904,1740,30
saits,1,W03,colog,0.25,0.184533,0.049993,1740,30
saits,1,W03,colog,0.5,0.147913,0.045091,1740,30
saits,1,W10,colog,0.05,0.276708,0.053066,1680,30
saits,1,W10,colog,0.1,0.265895,0.052342,1680,30
saits,1,W10,colog,0.25,0.222375,0.057378,1680,30
saits,1,W10,colog,0.5,0.166744,0.054037,1680,30
saits,1,W06,colog,0.05,0.286237,0.055576,1500,30
saits,1,W06,colog,0.1,0.276280,0.056560,1500,30
saits,1,W06,colog,0.25,0.231009,0.059212,1500,30
saits,1,W06,colog,0.5,0.175849,0.062041,1500,30
saits,1,W08,colog,0.05,0.273321,0.045651,810,30
saits,1,W08,colog,0.1,0.262230,0.045335,810,30
saits,1,W08,colog,0.25,0.217978,0.048564,810,30
saits,1,W08,colog,0.5,0.168756,0.047903,810,30
saits,1,W09,colog,0.05,0.258764,0.038441,510,30
saits,1,W09,colog,0.1,0.250884,0.038254,510,30
saits,1,W09,colog,0.25,0.211438,0.038676,510,30
saits,1,W09,colog,0.5,0.159245,0.040506,510,30
saits,2,W01,colog,0.05,0.186818,0.053305,7110,30
saits,2,W01,colog,0.1,0.184237,0.053381,7110,30
saits,2,W01,colog,0.25,0.170774,0.052947,7110,30
saits,2,W01,colog,0.5,0.144899,0.052626,7110,30
saits,2,W04,colog,0.05,0.279203,0.073579,4530,30
saits,2,W04,colog,0.1,0.266398,0.070419,4530,30
saits,2,W04,colog,0.25,0.214963,0.061713,4530,30
saits,2,W04,colog,0.5,0.162858,0.052854,4530,30
saits,2,W02,colog,0.05,0.252228,0.052370,2040,30
saits,2,W02,colog,0.1,0.241300,0.053621,2040,30
saits,2,W02,colog,0.25,0.199459,0.062242,2040,30
saits,2,W02,colog,0.5,0.160664,0.058400,2040,30
saits,2,W03,colog,0.05,0.231477,0.052403,1740,30
saits,2,W03,colog,0.1,0.222851,0.052338,1740,30
saits,2,W03,colog,0.25,0.188552,0.051053,1740,30
saits,2,W03,colog,0.5,0.153209,0.044714,1740,30
saits,2,W10,colog,0.05,0.275493,0.058370,1680,30
saits,2,W10,colog,0.1,0.264692,0.058925,1680,30
saits,2,W10,colog,0.25,0.222080,0.063232,1680,30
saits,2,W10,colog,0.5,0.167229,0.057592,1680,30
saits,2,W06,colog,0.05,0.275627,0.049136,1500,30
saits,2,W06,colog,0.1,0.265501,0.049018,1500,30
saits,2,W06,colog,0.25,0.224278,0.053655,1500,30
saits,2,W06,colog,0.5,0.174305,0.058336,1500,30
saits,2,W08,colog,0.05,0.286006,0.040924,810,30
saits,2,W08,colog,0.1,0.275429,0.042680,810,30
saits,2,W08,colog,0.25,0.228480,0.049553,810,30
saits,2,W08,colog,0.5,0.175332,0.048843,810,30
saits,2,W09,colog,0.05,0.248361,0.035838,510,30
saits,2,W09,colog,0.1,0.240675,0.034255,510,30
saits,2,W09,colog,0.25,0.207011,0.032469,510,30
saits,2,W09,colog,0.5,0.158831,0.034997,510,30
stgnn,0,W01,colog,0.05,0.313267,0.116360,7110,30
stgnn,0,W01,colog,0.1,0.312765,0.115593,7110,30
stgnn,0,W01,colog,0.25,0.313637,0.115360,7110,30
stgnn,0,W01,colog,0.5,0.313493,0.110575,7110,30
stgnn,0,W01,neighbor,0.05,0.030165,0.016978,6900,30
stgnn,0,W01,neighbor,0.1,0.030252,0.017001,6900,30
stgnn,0,W01,neighbor,0.25,0.030663,0.016859,6900,30
stgnn,0,W01,neighbor,0.5,0.031942,0.016944,6900,30
stgnn,0,W04,colog,0.05,0.374287,0.112248,4530,30
stgnn,0,W04,colog,0.1,0.375162,0.112342,4530,30
stgnn,0,W04,colog,0.25,0.375146,0.111197,4530,30
stgnn,0,W04,colog,0.5,0.378829,0.108345,4530,30
stgnn,0,W04,neighbor,0.05,0.030365,0.011578,4530,30
stgnn,0,W04,neighbor,0.1,0.030410,0.011507,4530,30
stgnn,0,W04,neighbor,0.25,0.030950,0.011609,4530,30
stgnn,0,W04,neighbor,0.5,0.032657,0.011895,4530,30
stgnn,0,W02,colog,0.05,0.363546,0.115177,2040,30
stgnn,0,W02,colog,0.1,0.363827,0.115088,2040,30
stgnn,0,W02,colog,0.25,0.361769,0.112808,2040,30
stgnn,0,W02,colog,0.5,0.357164,0.107521,2040,30
stgnn,0,W02,neighbor,0.05,0.059898,0.015517,2040,30
stgnn,0,W02,neighbor,0.1,0.060012,0.015771,2040,30
stgnn,0,W02,neighbor,0.25,0.060007,0.015584,2040,30
stgnn,0,W02,neighbor,0.5,0.059862,0.015219,2040,30
stgnn,0,W03,colog,0.05,0.355888,0.068654,1740,30
stgnn,0,W03,colog,0.1,0.354694,0.068037,1740,30
stgnn,0,W03,colog,0.25,0.352106,0.067355,1740,30
stgnn,0,W03,colog,0.5,0.349898,0.065412,1740,30
stgnn,0,W03,neighbor,0.05,0.047136,0.012817,1740,30
stgnn,0,W03,neighbor,0.1,0.047369,0.012560,1740,30
stgnn,0,W03,neighbor,0.25,0.047893,0.012529,1740,30
stgnn,0,W03,neighbor,0.5,0.049280,0.012335,1740,30
stgnn,0,W10,colog,0.05,0.351325,0.077478,1680,30
stgnn,0,W10,colog,0.1,0.351477,0.075725,1680,30
stgnn,0,W10,colog,0.25,0.348863,0.073224,1680,30
stgnn,0,W10,colog,0.5,0.344747,0.067594,1680,30
stgnn,0,W10,neighbor,0.05,0.035017,0.009056,1680,30
stgnn,0,W10,neighbor,0.1,0.035183,0.009065,1680,30
stgnn,0,W10,neighbor,0.25,0.035915,0.009057,1680,30
stgnn,0,W10,neighbor,0.5,0.037746,0.008755,1680,30
stgnn,0,W06,colog,0.05,0.320089,0.074702,1500,30
stgnn,0,W06,colog,0.1,0.321602,0.075986,1500,30
stgnn,0,W06,colog,0.25,0.321228,0.075811,1500,30
stgnn,0,W06,colog,0.5,0.322034,0.074687,1500,30
stgnn,0,W06,neighbor,0.05,0.031707,0.009518,1500,30
stgnn,0,W06,neighbor,0.1,0.032137,0.009638,1500,30
stgnn,0,W06,neighbor,0.25,0.033531,0.009651,1500,30
stgnn,0,W06,neighbor,0.5,0.038549,0.011172,1500,30
stgnn,0,W08,colog,0.05,0.403114,0.150806,810,30
stgnn,0,W08,colog,0.1,0.403661,0.149682,810,30
stgnn,0,W08,colog,0.25,0.398730,0.143734,810,30
stgnn,0,W08,colog,0.5,0.391877,0.142490,810,30
stgnn,0,W08,neighbor,0.05,0.029844,0.007508,810,30
stgnn,0,W08,neighbor,0.1,0.029969,0.007503,810,30
stgnn,0,W08,neighbor,0.25,0.030807,0.007314,810,30
stgnn,0,W08,neighbor,0.5,0.033180,0.007523,810,30
stgnn,0,W09,colog,0.05,0.375487,0.065029,510,30
stgnn,0,W09,colog,0.1,0.375339,0.069202,510,30
stgnn,0,W09,colog,0.25,0.374677,0.064879,510,30
stgnn,0,W09,colog,0.5,0.379609,0.058253,510,30
stgnn,0,W09,neighbor,0.05,0.045832,0.023751,510,30
stgnn,0,W09,neighbor,0.1,0.045671,0.023401,510,30
stgnn,0,W09,neighbor,0.25,0.045997,0.023087,510,30
stgnn,0,W09,neighbor,0.5,0.047532,0.021337,510,30
stgnn,1,W01,colog,0.05,0.285258,0.101906,7110,30
stgnn,1,W01,colog,0.1,0.284699,0.100851,7110,30
stgnn,1,W01,colog,0.25,0.286588,0.098386,7110,30
stgnn,1,W01,colog,0.5,0.290159,0.092639,7110,30
stgnn,1,W01,neighbor,0.05,0.031071,0.013410,6900,30
stgnn,1,W01,neighbor,0.1,0.031181,0.013497,6900,30
stgnn,1,W01,neighbor,0.25,0.031560,0.013337,6900,30
stgnn,1,W01,neighbor,0.5,0.032769,0.012715,6900,30
stgnn,1,W04,colog,0.05,0.370867,0.099967,4530,30
stgnn,1,W04,colog,0.1,0.370850,0.099476,4530,30
stgnn,1,W04,colog,0.25,0.372714,0.099819,4530,30
stgnn,1,W04,colog,0.5,0.375174,0.100147,4530,30
stgnn,1,W04,neighbor,0.05,0.029515,0.011218,4530,30
stgnn,1,W04,neighbor,0.1,0.029736,0.011163,4530,30
stgnn,1,W04,neighbor,0.25,0.031123,0.011385,4530,30
stgnn,1,W04,neighbor,0.5,0.035047,0.012800,4530,30
stgnn,1,W02,colog,0.05,0.335948,0.092400,2040,30
stgnn,1,W02,colog,0.1,0.335781,0.093465,2040,30
stgnn,1,W02,colog,0.25,0.333563,0.090790,2040,30
stgnn,1,W02,colog,0.5,0.328187,0.090675,2040,30
stgnn,1,W02,neighbor,0.05,0.039221,0.010924,2040,30
stgnn,1,W02,neighbor,0.1,0.039303,0.010988,2040,30
stgnn,1,W02,neighbor,0.25,0.039552,0.011018,2040,30
stgnn,1,W02,neighbor,0.5,0.041168,0.011602,2040,30
stgnn,1,W03,colog,0.05,0.333881,0.079291,1740,30
stgnn,1,W03,colog,0.1,0.335561,0.080137,1740,30
stgnn,1,W03,colog,0.25,0.333429,0.078701,1740,30
stgnn,1,W03,colog,0.5,0.331222,0.071662,1740,30
stgnn,1,W03,neighbor,0.05,0.034217,0.009126,1740,30
stgnn,1,W03,neighbor,0.1,0.034127,0.009134,1740,30
stgnn,1,W03,neighbor,0.25,0.034471,0.008961,1740,30
stgnn,1,W03,neighbor,0.5,0.035132,0.008406,1740,30
stgnn,1,W10,colog,0.05,0.348802,0.090531,1680,30
stgnn,1,W10,colog,0.1,0.349471,0.091300,1680,30
stgnn,1,W10,colog,0.25,0.347945,0.088662,1680,30
stgnn,1,W10,colog,0.5,0.344119,0.079609,1680,30
stgnn,1,W10,neighbor,0.05,0.035064,0.009545,1680,30
stgnn,1,W10,neighbor,0.1,0.035065,0.009429,1680,30
stgnn,1,W10,neighbor,0.25,0.035167,0.009191,1680,30
stgnn,1,W10,neighbor,0.5,0.035226,0.008545,1680,30
stgnn,1,W06,colog,0.05,0.332323,0.126832,1500,30
stgnn,1,W06,colog,0.1,0.332634,0.126695,1500,30
stgnn,1,W06,colog,0.25,0.332705,0.124331,1500,30
stgnn,1,W06,colog,0.5,0.331761,0.117807,1500,30
stgnn,1,W06,neighbor,0.05,0.027114,0.011128,1500,30
stgnn,1,W06,neighbor,0.1,0.027165,0.011215,1500,30
stgnn,1,W06,neighbor,0.25,0.027415,0.011287,1500,30
stgnn,1,W06,neighbor,0.5,0.028099,0.011277,1500,30
stgnn,1,W08,colog,0.05,0.348989,0.100767,810,30
stgnn,1,W08,colog,0.1,0.349470,0.100060,810,30
stgnn,1,W08,colog,0.25,0.348778,0.098845,810,30
stgnn,1,W08,colog,0.5,0.347926,0.095691,810,30
stgnn,1,W08,neighbor,0.05,0.030536,0.008820,810,30
stgnn,1,W08,neighbor,0.1,0.030837,0.008930,810,30
stgnn,1,W08,neighbor,0.25,0.031550,0.009535,810,30
stgnn,1,W08,neighbor,0.5,0.033075,0.010769,810,30
stgnn,1,W09,colog,0.05,0.342081,0.113692,510,30
stgnn,1,W09,colog,0.1,0.342890,0.109969,510,30
stgnn,1,W09,colog,0.25,0.344413,0.106768,510,30
stgnn,1,W09,colog,0.5,0.350516,0.095367,510,30
stgnn,1,W09,neighbor,0.05,0.043384,0.016744,510,30
stgnn,1,W09,neighbor,0.1,0.043863,0.016735,510,30
stgnn,1,W09,neighbor,0.25,0.044048,0.015750,510,30
stgnn,1,W09,neighbor,0.5,0.045393,0.014249,510,30
stgnn,2,W01,colog,0.05,0.275822,0.108147,7110,30
stgnn,2,W01,colog,0.1,0.276168,0.107358,7110,30
stgnn,2,W01,colog,0.25,0.277133,0.104387,7110,30
stgnn,2,W01,colog,0.5,0.280252,0.094861,7110,30
stgnn,2,W01,neighbor,0.05,0.032797,0.015566,6900,30
stgnn,2,W01,neighbor,0.1,0.032795,0.015546,6900,30
stgnn,2,W01,neighbor,0.25,0.033400,0.015475,6900,30
stgnn,2,W01,neighbor,0.5,0.035187,0.015400,6900,30
stgnn,2,W04,colog,0.05,0.353488,0.077477,4530,30
stgnn,2,W04,colog,0.1,0.353426,0.077727,4530,30
stgnn,2,W04,colog,0.25,0.353210,0.077421,4530,30
stgnn,2,W04,colog,0.5,0.351003,0.076949,4530,30
stgnn,2,W04,neighbor,0.05,0.028904,0.010724,4530,30
stgnn,2,W04,neighbor,0.1,0.028988,0.010678,4530,30
stgnn,2,W04,neighbor,0.25,0.029704,0.010870,4530,30
stgnn,2,W04,neighbor,0.5,0.031631,0.011902,4530,30
stgnn,2,W02,colog,0.05,0.334170,0.066312,2040,30
stgnn,2,W02,colog,0.1,0.334354,0.064539,2040,30
stgnn,2,W02,colog,0.25,0.333042,0.064050,2040,30
stgnn,2,W02,colog,0.5,0.330638,0.059745,2040,30
stgnn,2,W02,neighbor,0.05,0.038658,0.010052,2040,30
stgnn,2,W02,neighbor,0.1,0.038635,0.010119,2040,30
stgnn,2,W02,neighbor,0.25,0.038804,0.009892,2040,30
stgnn,2,W02,neighbor,0.5,0.038916,0.009466,2040,30
stgnn,2,W03,colog,0.05,0.312806,0.063306,1740,30
stgnn,2,W03,colog,0.1,0.313233,0.063176,1740,30
stgnn,2,W03,colog,0.25,0.313584,0.063526,1740,30
stgnn,2,W03,colog,0.5,0.310338,0.062567,1740,30
stgnn,2,W03,neighbor,0.05,0.039692,0.011890,1740,30
stgnn,2,W03,neighbor,0.1,0.039698,0.011910,1740,30
stgnn,2,W03,neighbor,0.25,0.040393,0.011650,1740,30
stgnn,2,W03,neighbor,0.5,0.042138,0.011480,1740,30
stgnn,2,W10,colog,0.05,0.332743,0.063093,1680,30
stgnn,2,W10,colog,0.1,0.332804,0.064081,1680,30
stgnn,2,W10,colog,0.25,0.333496,0.063656,1680,30
stgnn,2,W10,colog,0.5,0.328082,0.059048,1680,30
stgnn,2,W10,neighbor,0.05,0.030349,0.008596,1680,30
stgnn,2,W10,neighbor,0.1,0.030334,0.008583,1680,30
stgnn,2,W10,neighbor,0.25,0.030755,0.008421,1680,30
stgnn,2,W10,neighbor,0.5,0.032011,0.008091,1680,30
stgnn,2,W06,colog,0.05,0.314913,0.090322,1500,30
stgnn,2,W06,colog,0.1,0.316674,0.091827,1500,30
stgnn,2,W06,colog,0.25,0.316866,0.090262,1500,30
stgnn,2,W06,colog,0.5,0.315144,0.086744,1500,30
stgnn,2,W06,neighbor,0.05,0.020745,0.005535,1500,30
stgnn,2,W06,neighbor,0.1,0.020937,0.005564,1500,30
stgnn,2,W06,neighbor,0.25,0.021771,0.006150,1500,30
stgnn,2,W06,neighbor,0.5,0.024489,0.008256,1500,30
stgnn,2,W08,colog,0.05,0.339025,0.103631,810,30
stgnn,2,W08,colog,0.1,0.338005,0.103282,810,30
stgnn,2,W08,colog,0.25,0.338184,0.101385,810,30
stgnn,2,W08,colog,0.5,0.335552,0.099423,810,30
stgnn,2,W08,neighbor,0.05,0.027791,0.008283,810,30
stgnn,2,W08,neighbor,0.1,0.028013,0.008183,810,30
stgnn,2,W08,neighbor,0.25,0.028853,0.008927,810,30
stgnn,2,W08,neighbor,0.5,0.031934,0.010226,810,30
stgnn,2,W09,colog,0.05,0.334718,0.074643,510,30
stgnn,2,W09,colog,0.1,0.333617,0.074605,510,30
stgnn,2,W09,colog,0.25,0.333646,0.071763,510,30
stgnn,2,W09,colog,0.5,0.335519,0.068206,510,30
stgnn,2,W09,neighbor,0.05,0.035949,0.012934,510,30
stgnn,2,W09,neighbor,0.1,0.036365,0.013028,510,30
stgnn,2,W09,neighbor,0.25,0.036694,0.012984,510,30
stgnn,2,W09,neighbor,0.5,0.039508,0.013587,510,30
unet,0,W01,colog,0.05,0.598296,0.361626,7110,30
unet,0,W01,colog,0.1,0.642168,0.442796,7110,30
unet,0,W01,colog,0.25,0.718109,0.524217,7110,30
unet,0,W01,colog,0.5,0.700840,0.427518,7110,30
unet,0,W04,colog,0.05,0.355876,0.092905,4530,30
unet,0,W04,colog,0.1,0.357245,0.090732,4530,30
unet,0,W04,colog,0.25,0.364016,0.085932,4530,30
unet,0,W04,colog,0.5,0.379846,0.079443,4530,30
unet,0,W02,colog,0.05,0.665050,0.238791,2040,30
unet,0,W02,colog,0.1,0.673828,0.230321,2040,30
unet,0,W02,colog,0.25,0.693418,0.237845,2040,30
unet,0,W02,colog,0.5,0.694024,0.285518,2040,30
unet,0,W03,colog,0.05,0.552578,0.296505,1740,30
unet,0,W03,colog,0.1,0.550541,0.279575,1740,30
unet,0,W03,colog,0.25,0.541113,0.256819,1740,30
unet,0,W03,colog,0.5,0.496591,0.209974,1740,30
unet,0,W10,colog,0.05,0.621679,0.192361,1680,30
unet,0,W10,colog,0.1,0.617928,0.181427,1680,30
unet,0,W10,colog,0.25,0.576777,0.167566,1680,30
unet,0,W10,colog,0.5,0.506825,0.164486,1680,30
unet,0,W06,colog,0.05,0.388623,0.114030,1500,30
unet,0,W06,colog,0.1,0.388928,0.113231,1500,30
unet,0,W06,colog,0.25,0.397787,0.112006,1500,30
unet,0,W06,colog,0.5,0.417555,0.107974,1500,30
unet,0,W08,colog,0.05,0.358524,0.096744,810,30
unet,0,W08,colog,0.1,0.360757,0.095832,810,30
unet,0,W08,colog,0.25,0.365818,0.086767,810,30
unet,0,W08,colog,0.5,0.375972,0.090920,810,30
unet,0,W09,colog,0.05,0.308651,0.082901,510,30
unet,0,W09,colog,0.1,0.305980,0.081518,510,30
unet,0,W09,colog,0.25,0.306062,0.082512,510,30
unet,0,W09,colog,0.5,0.307914,0.079471,510,30
unet,1,W01,colog,0.05,0.488752,0.199250,7110,30
unet,1,W01,colog,0.1,0.492134,0.200312,7110,30
unet,1,W01,colog,0.25,0.513297,0.207387,7110,30
unet,1,W01,colog,0.5,0.529412,0.217979,7110,30
unet,1,W04,colog,0.05,0.561868,0.212405,4530,30
unet,1,W04,colog,0.1,0.579410,0.226451,4530,30
unet,1,W04,colog,0.25,0.599345,0.238865,4530,30
unet,1,W04,colog,0.5,0.597887,0.231835,4530,30
unet,1,W02,colog,0.05,0.376577,0.079334,2040,30
unet,1,W02,colog,0.1,0.378079,0.077830,2040,30
unet,1,W02,colog,0.25,0.384628,0.074907,2040,30
unet,1,W02,colog,0.5,0.401689,0.078894,2040,30
unet,1,W03,colog,0.05,0.670768,0.248170,1740,30
unet,1,W03,colog,0.1,0.667208,0.252003,1740,30
unet,1,W03,colog,0.25,0.657551,0.256618,1740,30
unet,1,W03,colog,0.5,0.602933,0.231349,1740,30
unet,1,W10,colog,0.05,0.387775,0.128824,1680,30
unet,1,W10,colog,0.1,0.389938,0.123905,1680,30
unet,1,W10,colog,0.25,0.401654,0.130052,1680,30
unet,1,W10,colog,0.5,0.423585,0.149350,1680,30
unet,1,W06,colog,0.05,0.759089,0.377390,1500,30
unet,1,W06,colog,0.1,0.731863,0.329241,1500,30
unet,1,W06,colog,0.25,0.671909,0.278128,1500,30
unet,1,W06,colog,0.5,0.616855,0.236228,1500,30
unet,1,W08,colog,0.05,0.770229,0.263645,810,30
unet,1,W08,colog,0.1,0.755924,0.268767,810,30
unet,1,W08,colog,0.25,0.715554,0.287875,810,30
unet,1,W08,colog,0.5,0.631768,0.247204,810,30
unet,1,W09,colog,0.05,0.298747,0.091509,510,30
unet,1,W09,colog,0.1,0.300329,0.089203,510,30
unet,1,W09,colog,0.25,0.306307,0.087190,510,30
unet,1,W09,colog,0.5,0.317420,0.080168,510,30
unet,2,W01,colog,0.05,0.428802,0.196809,7110,30
unet,2,W01,colog,0.1,0.441217,0.198583,7110,30
unet,2,W01,colog,0.25,0.482242,0.212739,7110,30
unet,2,W01,colog,0.5,0.544634,0.255962,7110,30
unet,2,W04,colog,0.05,0.338585,0.081989,4530,30
unet,2,W04,colog,0.1,0.338690,0.081133,4530,30
unet,2,W04,colog,0.25,0.342581,0.075128,4530,30
unet,2,W04,colog,0.5,0.349225,0.064427,4530,30
unet,2,W02,colog,0.05,0.354542,0.088108,2040,30
unet,2,W02,colog,0.1,0.355473,0.085732,2040,30
unet,2,W02,colog,0.25,0.364379,0.083386,2040,30
unet,2,W02,colog,0.5,0.382857,0.086958,2040,30
unet,2,W03,colog,0.05,0.421008,0.118815,1740,30
unet,2,W03,colog,0.1,0.428623,0.125615,1740,30
unet,2,W03,colog,0.25,0.429587,0.124781,1740,30
unet,2,W03,colog,0.5,0.404651,0.104485,1740,30
unet,2,W10,colog,0.05,0.635459,0.211209,1680,30
unet,2,W10,colog,0.1,0.640115,0.204600,1680,30
unet,2,W10,colog,0.25,0.626509,0.203815,1680,30
unet,2,W10,colog,0.5,0.565396,0.169622,1680,30
unet,2,W06,colog,0.05,0.357376,0.108769,1500,30
unet,2,W06,colog,0.1,0.359288,0.108017,1500,30
unet,2,W06,colog,0.25,0.362889,0.109704,1500,30
unet,2,W06,colog,0.5,0.361655,0.101681,1500,30
unet,2,W08,colog,0.05,0.383127,0.092475,810,30
unet,2,W08,colog,0.1,0.383391,0.094321,810,30
unet,2,W08,colog,0.25,0.401401,0.093837,810,30
unet,2,W08,colog,0.5,0.422548,0.106308,810,30
unet,2,W09,colog,0.05,0.400734,0.127898,510,30
unet,2,W09,colog,0.1,0.402987,0.126355,510,30
unet,2,W09,colog,0.25,0.408441,0.129710,510,30
unet,2,W09,colog,0.5,0.427389,0.136173,510,30
xgb,0,W01,colog,0.05,2.883297,1.882152,7110,30
xgb,0,W01,colog,0.1,1.974062,1.159093,7110,30
xgb,0,W01,colog,0.25,1.285835,0.584287,7110,30
xgb,0,W01,colog,0.5,0.986667,0.361485,7110,30
xgb,0,W04,colog,0.05,2.556118,1.048002,4530,30
xgb,0,W04,colog,0.1,1.759232,0.638702,4530,30
xgb,0,W04,colog,0.25,1.180910,0.365847,4530,30
xgb,0,W04,colog,0.5,0.946967,0.254555,4530,30
xgb,0,W02,colog,0.05,2.688284,1.440413,2040,30
xgb,0,W02,colog,0.1,1.839165,0.765605,2040,30
xgb,0,W02,colog,0.25,1.224573,0.355449,2040,30
xgb,0,W02,colog,0.5,0.955990,0.235654,2040,30
xgb,0,W03,colog,0.05,2.605972,1.038101,1740,30
xgb,0,W03,colog,0.1,1.767840,0.566209,1740,30
xgb,0,W03,colog,0.25,1.159754,0.262959,1740,30
xgb,0,W03,colog,0.5,0.912916,0.194865,1740,30
xgb,0,W10,colog,0.05,2.696929,1.537548,1680,30
xgb,0,W10,colog,0.1,1.860067,0.857408,1680,30
xgb,0,W10,colog,0.25,1.223406,0.434162,1680,30
xgb,0,W10,colog,0.5,0.945793,0.296536,1680,30
xgb,0,W06,colog,0.05,2.494184,1.045484,1500,30
xgb,0,W06,colog,0.1,1.745600,0.687365,1500,30
xgb,0,W06,colog,0.25,1.191871,0.433010,1500,30
xgb,0,W06,colog,0.5,0.946713,0.320450,1500,30
xgb,0,W08,colog,0.05,2.078699,1.250241,810,30
xgb,0,W08,colog,0.1,1.408410,0.594383,810,30
xgb,0,W08,colog,0.25,0.987460,0.249536,810,30
xgb,0,W08,colog,0.5,0.835100,0.210894,810,30
xgb,0,W09,colog,0.05,2.743848,0.957586,510,30
xgb,0,W09,colog,0.1,1.845873,0.526389,510,30
xgb,0,W09,colog,0.25,1.157168,0.313352,510,30
xgb,0,W09,colog,0.5,0.875325,0.235455,510,30
xgb,1,W01,colog,0.05,2.741060,1.861162,7110,30
xgb,1,W01,colog,0.1,1.884192,1.133739,7110,30
xgb,1,W01,colog,0.25,1.267542,0.581884,7110,30
xgb,1,W01,colog,0.5,0.987960,0.361420,7110,30
xgb,1,W04,colog,0.05,2.443599,1.117330,4530,30
xgb,1,W04,colog,0.1,1.689321,0.650132,4530,30
xgb,1,W04,colog,0.25,1.145268,0.364693,4530,30
xgb,1,W04,colog,0.5,0.919110,0.249553,4530,30
xgb,1,W02,colog,0.05,2.515365,1.199496,2040,30
xgb,1,W02,colog,0.1,1.746807,0.678270,2040,30
xgb,1,W02,colog,0.25,1.171105,0.345345,2040,30
xgb,1,W02,colog,0.5,0.920841,0.239116,2040,30
xgb,1,W03,colog,0.05,2.502922,1.047501,1740,30
xgb,1,W03,colog,0.1,1.694565,0.561428,1740,30
xgb,1,W03,colog,0.25,1.124776,0.277069,1740,30
xgb,1,W03,colog,0.5,0.886708,0.206759,1740,30
xgb,1,W10,colog,0.05,2.512113,1.034083,1680,30
xgb,1,W10,colog,0.1,1.700766,0.591907,1680,30
xgb,1,W10,colog,0.25,1.123637,0.326526,1680,30
xgb,1,W10,colog,0.5,0.895927,0.256285,1680,30
xgb,1,W06,colog,0.05,2.544089,1.097114,1500,30
xgb,1,W06,colog,0.1,1.731078,0.674009,1500,30
xgb,1,W06,colog,0.25,1.149636,0.381456,1500,30
xgb,1,W06,colog,0.5,0.933444,0.301982,1500,30
xgb,1,W08,colog,0.05,2.243537,1.187468,810,30
xgb,1,W08,colog,0.1,1.533871,0.575303,810,30
xgb,1,W08,colog,0.25,1.054949,0.276000,810,30
xgb,1,W08,colog,0.5,0.901092,0.242533,810,30
xgb,1,W09,colog,0.05,3.041598,0.817444,510,30
xgb,1,W09,colog,0.1,2.019047,0.500337,510,30
xgb,1,W09,colog,0.25,1.230597,0.301952,510,30
xgb,1,W09,colog,0.5,0.924801,0.230602,510,30
xgb,2,W01,colog,0.05,2.753801,1.757994,7110,30
xgb,2,W01,colog,0.1,1.903758,1.088866,7110,30
xgb,2,W01,colog,0.25,1.293015,0.593160,7110,30
xgb,2,W01,colog,0.5,1.007649,0.377814,7110,30
xgb,2,W04,colog,0.05,2.495649,1.172724,4530,30
xgb,2,W04,colog,0.1,1.701983,0.658233,4530,30
xgb,2,W04,colog,0.25,1.146705,0.360167,4530,30
xgb,2,W04,colog,0.5,0.928581,0.251426,4530,30
xgb,2,W02,colog,0.05,2.653285,1.429582,2040,30
xgb,2,W02,colog,0.1,1.810363,0.752445,2040,30
xgb,2,W02,colog,0.25,1.190258,0.351311,2040,30
xgb,2,W02,colog,0.5,0.926098,0.239248,2040,30
xgb,2,W03,colog,0.05,2.560989,0.960863,1740,30
xgb,2,W03,colog,0.1,1.719615,0.514349,1740,30
xgb,2,W03,colog,0.25,1.128481,0.260984,1740,30
xgb,2,W03,colog,0.5,0.878310,0.199408,1740,30
xgb,2,W10,colog,0.05,2.595811,1.172759,1680,30
xgb,2,W10,colog,0.1,1.762019,0.670019,1680,30
xgb,2,W10,colog,0.25,1.150324,0.345869,1680,30
xgb,2,W10,colog,0.5,0.902876,0.242481,1680,30
xgb,2,W06,colog,0.05,2.605472,1.248771,1500,30
xgb,2,W06,colog,0.1,1.792917,0.776802,1500,30
xgb,2,W06,colog,0.25,1.203063,0.443248,1500,30
xgb,2,W06,colog,0.5,0.936117,0.304389,1500,30
xgb,2,W08,colog,0.05,2.009601,0.893326,810,30
xgb,2,W08,colog,0.1,1.411977,0.479517,810,30
xgb,2,W08,colog,0.25,0.998597,0.247677,810,30
xgb,2,W08,colog,0.5,0.874280,0.247279,810,30
xgb,2,W09,colog,0.05,2.909298,0.877155,510,30
xgb,2,W09,colog,0.1,1.972336,0.538272,510,30
xgb,2,W09,colog,0.25,1.246105,0.343394,510,30
xgb,2,W09,colog,0.5,0.940429,0.252881,510,30
