method,scenario,log,n_seeds,mae_mean,mae_std,mae_ci,rmse_mean,rmse_std,rmse_ci,r2_mean,r2_std,r2_ci,cc_mean,cc_std,cc_ci
ae,blackout,GR,5,19.598188589464332,0.5225435564052968,0.45802962202408176,26.205595449641947,0.6591119579696622,0.5777371039788344,0.4559860053196022,0.025458532435618363,0.02231538758030297,0.6871376914963874,0.01753006339295315,0.01536577805143735
brits,blackout,GR,5,28.36341513222026,0.2863386512933433,0.25098689403998925,34.359225897115635,0.35389391980364426,0.3102016977098846,0.06518921579617598,0.007499599458175038,0.00657368876345999,0.2781148550177207,0.014829126086631407,0.012998302118836317
gnn,blackout,GR,5,25.730812997026696,0.11227915209106895,0.09841701608041378,32.76553397768608,0.3520131673929104,0.3085531455360995,0.14974709961759552,0.019564548859551775,0.017149083190036912,0.45877532622654005,0.01402580957019588,0.012294164146262637
locf,blackout,GR,5,16.839872224986557,0.32434826702890523,0.2843037911966672,25.25259271165167,0.6094524748556112,0.5342086478303901,0.49499047402349416,0.018313265874313627,0.016052285294917014,0.7417513136914439,0.008890447642892119,0.0077928209497245444
mean,blackout,GR,5,29.752340931065824,0.20947081352486524,0.18360926351076212,35.97749298583114,0.2586015924303478,0.22667428998746944,-0.024959017934330596,0.0005596876521691811,0.0004905878574756781,-0.33962187608349687,0.014148636153598295,0.01240182639351592
mice,blackout,GR,5,30.914504008366766,0.2840943595395383,0.249019685582232,38.46979522908181,0.45916351221230134,0.40247456382895014,-0.17202885874632212,0.025940602739226586,0.022737940832073335,0.19640502114973996,0.015387919096846473,0.013488105788063826
rf,blackout,GR,5,34.86217102973938,0.3919810281897403,0.34358652016962804,42.59691210939581,0.35761317491444167,0.3134617685532199,-0.43683477130246046,0.01224602639672213,0.010734115411112374,0.08092243349702635,0.009473634164982342,0.008304006474851069
saits,blackout,GR,5,24.4046355863648,0.32655618564036704,0.28623911718944134,30.56628743701978,0.3667814406187902,0.3214981077706956,0.2601490871381381,0.01207310016121395,0.010582538882578119,0.55443868137169,0.01522297653714684,0.013343527259922315
stgnn,blackout,GR,5,25.40321686333981,0.7139014364165658,0.6257621992963766,33.363948322686454,1.1165424596869615,0.9786926171329468,0.1174577916363819,0.06370643525430676,0.05584115257446506,0.4631831592416008,0.028497751085659977,0.024979380184294422
unet,blackout,GR,5,26.686176068581098,0.8636868911838232,0.7570549391852971,34.8761164782198,1.0009775159217218,0.8773954776635403,0.03588134332336872,0.06135620521652497,0.05378108511658619,0.34496568486080004,0.052390687843458794,0.04592246264713072
xgb,blackout,GR,5,60.808667787360584,1.1008119180821394,0.9649041894752486,72.75165216789699,1.1272031091558528,0.9880370883964681,-3.1915616173783854,0.10677346338710877,0.09359106715205077,0.016706956153201977,0.017797332359864044,0.015600049630126598
ae,blackout,NPHI,5,0.06282804350555084,0.0013506794239760878,0.0011839227150657501,0.0805661865345799,0.0015046443980036282,0.0013188789651129415,0.3751760534476106,0.02373143301581246,0.020801518191321082,0.6393165724160216,0.013137677641870146,0.011515682187290707
brits,blackout,NPHI,5,0.07710768262466912,0.0009643467383971187,0.0008452871854869762,0.09223274934305561,0.0010337108243670852,0.0009060874875659621,0.18130000642426952,0.017046692601617414,0.014942084871913636,0.48006578527170624,0.02618995236951299,0.02295650541967939
gnn,blackout,NPHI,5,0.08714971482053463,0.0012588424254074354,0.0011034240365793196,0.10921384381118109,0.0024812000298428793,0.0021748677175412487,-0.14823293012293742,0.04967406613672689,0.043541238731412336,0.18588087751672586,0.03161606560299013,0.02771270337279649
locf,blackout,NPHI,5,0.06017073180877698,0.0013402152893605577,0.001174750496665945,0.08359320540797663,0.001085096364787771,0.0009511288996509191,0.32741236846954225,0.01917579025833318,0.016808321251645206,0.6646873136303875,0.012628468442750866,0.011069340644763124
mean,blackout,NPHI,5,0.08801228400132739,0.0002967046920463306,0.0002600731293782247,0.10445741270171201,0.00021959710050704692,0.0001924853454030793,-0.05002805980942484,0.0013893167799293932,0.0012177898507836696,-0.298962412833529,0.012327995281809789,0.010805964306757957
mice,blackout,NPHI,5,0.0787453701531545,0.0012833372432881263,0.0011248946911073788,0.09421631668156069,0.0014139887223216878,0.0012394157617915123,0.14564841672419135,0.024303222822077926,0.02130271405457628,0.4030905638874221,0.041544557577217506,0.036415410296422424
rf,blackout,NPHI,5,0.08295208833190316,0.000991375557806247,0.0008689789902867239,0.10177582519255586,0.0011576601575157455,0.0010147338683629418,0.0031128737115002415,0.021182957488264036,0.018567680900032663,0.28207011208519045,0.031127873125016865,0.02728478379859039
saits,blackout,NPHI,5,0.0671768140516696,0.0010514291071726477,0.0009216182472067011,0.08340262024095858,0.0011213735985850237,0.0009829272970869926,0.33046680712763504,0.019866168683921326,0.01741346462285244,0.6031749416904167,0.018984112009306244,0.016640307858549322
stgnn,blackout,NPHI,5,0.08602714170888041,0.0025627219309658305,0.002246324814467095,0.10985680246806577,0.003438917685147296,0.0030143442555021042,-0.16227726096803963,0.07228736942496816,0.06336267300395652,0.24626484244204,0.04107786322282896,0.036006334658380185
unet,blackout,NPHI,5,0.07026943576124187,0.0015130680940490136,0.0013262626602488187,0.0885710048990768,0.002662200525726271,0.0023335216473417708,0.24451288781075506,0.045910022571591255,0.04024190907690208,0.5224394136412164,0.0365385732918891,0.032027471603156735
xgb,blackout,NPHI,5,0.15538410764604652,0.0054737109458839715,0.004797919187559043,0.18452300560941498,0.005782442862084368,0.005068534643726602,-2.278876465119003,0.20114058580094324,0.1763074969709349,0.22628304257716048,0.03779672852514173,0.033130293289254334
ae,blackout,RHOB,5,0.09156058854991711,0.0017115924023577516,0.0015002768888860885,0.12485033137999284,0.0031010359806943285,0.0027181778833740553,0.36061369101501506,0.029543536271151263,0.02589605131602575,0.6249941671550717,0.02359841430508726,0.0206849221505724
brits,blackout,RHOB,5,0.11454016233464318,0.0016868428025750238,0.001478582908174292,0.15272322502700852,0.002039677145036306,0.00178785584539392,0.043687953291742,0.012321755154469764,0.010800494593981101,0.24166467291590799,0.0217440700844781,0.01905951777603375
gnn,blackout,RHOB,5,0.1093715452882295,0.00241388353499498,0.002115862208214377,0.14502918904747444,0.0038321417884352935,0.0033590203790367017,0.13735008322659664,0.038563015748760816,0.03380197365559666,0.40996845264221715,0.03630555151622747,0.03182321901115483
locf,blackout,RHOB,5,0.07962801645261161,0.0028265374752802375,0.002477569334785479,0.12600132923916557,0.005809408370070639,0.005092170953617408,0.3477536397760462,0.06212982062071898,0.054459188916415956,0.6718080871924901,0.02645608032945978,0.0231897768616679
mean,blackout,RHOB,5,0.12713121279983058,0.001568349257561683,0.0013747187365287456,0.16253956047477042,0.0016037608873544758,0.0014057583986017562,-0.08319722785327369,0.002716016142023989,0.002380693114848526,-0.3850049761012068,0.009580169331528247,0.008397388665612305
mice,blackout,RHOB,5,0.11807151006060741,0.002381054394292911,0.0020870861976353063,0.15293452372750851,0.003262467295637002,0.002859678669786382,0.04086855571859867,0.03257921566790657,0.028556941627729596,0.24643925849503848,0.045850717595481476,0.04018992597337177
rf,blackout,RHOB,5,0.1258075058909981,0.0026443901099778987,0.0023179101296159806,0.16842880764835214,0.0036637023372729422,0.0032113766903831267,-0.1633637653722051,0.04146351112127371,0.03634436994557072,0.14389752675475956,0.04196603371968678,0.03678485042416105
saits,blackout,RHOB,5,0.10454403114031803,0.0018989956013645323,0.001664543035420681,0.13521132955028398,0.0024606634138399507,0.002156866579932388,0.25044830151543385,0.014821967692030943,0.012992027509317248,0.551592863199769,0.020528494750537207,0.01799401901727592
stgnn,blackout,RHOB,5,0.11243740833507895,0.004506802614589929,0.003950386666899571,0.15134226092698772,0.007610497596797891,0.006670895267863236,0.059749100174444056,0.08521280566337877,0.07469231739858324,0.3669332787983322,0.06950029645365932,0.06091969583209376
unet,blackout,RHOB,5,0.10977823876639474,0.001722567206504132,0.0015098967288656214,0.14571602055608107,0.001646682377758612,0.0014433807437355436,0.12928766046974433,0.018953501594137143,0.016613476646647383,0.41274999143089025,0.019801612498962447,0.01735687863182149
xgb,blackout,RHOB,5,0.34424188816874257,0.010846665978965117,0.00950752192361452,0.42040583629565387,0.009215485830152585,0.008077729482667646,-6.25269927987141,0.3922785351742805,0.3438472965393835,0.06231037684537484,0.02518624095156256,0.022076713571230082
ae,blackout,all,5,6.792272381475169,0.42103829703514534,0.36905633929412257,15.367923437324837,0.6626277916499664,0.5808188680766778,0.7672773943597322,0.01262399068698598,0.011065415718782569,0.8770156181865989,0.006842573687185257,0.0059977802829942655
brits,blackout,all,5,9.815437733894605,0.4549555208982439,0.3987860968151814,20.144872783010477,0.5553157554228648,0.4867557210160519,0.6000643297108892,0.012565214431606117,0.011013896059405602,0.7770552908132313,0.0074231579003629375,0.006506684783787046
gnn,blackout,all,5,8.910321930744015,0.35845453238303154,0.3141992508905324,19.210264949636937,0.5175756434013341,0.45367505428028077,0.6363539697710263,0.009305165026366387,0.008156336763997074,0.8033027663516892,0.005303217190483862,0.004648474821848008
locf,blackout,all,5,5.837559468813746,0.32188255111478914,0.2821424959049779,14.807824541739077,0.5942242780017682,0.5208605447611331,0.7838477319196937,0.012604137077792132,0.011048013263038153,0.8907290514743336,0.005801603176336088,0.005085329399660347
mean,blackout,all,5,10.300546984124278,0.46682725878122716,0.40919213387880615,21.093210144023992,0.5366843756215998,0.4704245965699558,0.561541590648627,0.011265247484915822,0.009874424790575083,0.7495927275147762,0.0074175531871634014,0.006501772036061293
mice,blackout,all,5,10.694946153369603,0.5063614904472455,0.4438454158206353,22.557469633453792,0.7376515886759607,0.6465801256281435,0.4986948801423282,0.014478257892009324,0.012690752586183816,0.7226852901035986,0.009671492379422471,0.008477436846469854
rf,blackout,all,5,12.0529249932048,0.4871852751281534,0.4270367219868075,24.973242125267994,0.6057435313329471,0.5309576154925675,0.385343190555339,0.016966550810339168,0.014871837494604027,0.6972202972708855,0.005930901677249877,0.005198664532733712
saits,blackout,all,5,8.44687734336884,0.38079128349825003,0.33377827649546055,17.9196948875019,0.44361239728113855,0.3888434105850493,0.6834812659644036,0.01062989260860048,0.009317511686810468,0.8277145251734781,0.007000491014602787,0.006136200923535095
stgnn,blackout,all,5,8.803885242065917,0.5432161062930034,0.4761499109364115,19.566589777812027,0.9515769165960476,0.8340939431607368,0.6227569015800605,0.023349641934889916,0.02046686355374388,0.7958111769221938,0.012909118139922036,0.011315340950652994
unet,blackout,all,5,9.233358160185086,0.47195679841621424,0.41368837361111344,20.437785735484688,0.3107112781483338,0.2723504434116836,0.5878217788425637,0.023286753375343167,0.020411739300835677,0.773376271921323,0.00958122861042054,0.008398317164499541
xgb,blackout,all,5,21.064461371685486,0.8278718990517316,0.7256617144330741,42.64693943428018,0.899641426133914,0.7885704786104326,-0.7933082311974575,0.07136064530763828,0.06255036349984319,0.674892551784006,0.011537627835152036,0.010113176694289527
ae,block,GR,5,17.17043617705994,0.5220931252228465,0.45763480168476917,23.538737993151233,0.5636776356481074,0.49408523219656647,0.5565247314084615,0.0278633646674719,0.02442331597150653,0.7551813998668768,0.017958279119701808,0.015741125685262782
brits,block,GR,5,26.42917028633592,0.6564605722272857,0.5754130619070595,32.381684452418185,0.708461627110627,0.6209939962064321,0.16182596183793227,0.020316548766819587,0.017808240171432864,0.4796131405968155,0.0245518070208267,0.021520607711857837
gnn,block,GR,5,22.833301552134447,0.9014522105974927,0.7901577011744724,29.11617233051669,1.1796145950698234,1.0339777813561892,0.3197880950358013,0.07776217347175722,0.06816155033670415,0.6350836019130905,0.04263659180963016,0.03737262050517558
locf,block,GR,5,13.563083702383102,0.7347124810897611,0.6440038842406199,21.157360343625804,0.8042701161345274,0.7049738395637938,0.6415715206124768,0.028704701865803758,0.02516078054115448,0.820923883230637,0.014418940370070302,0.012638758485749321
mean,block,GR,5,29.36197381746256,0.366348269322029,0.3211184163882354,35.816688886615445,0.6879913489465374,0.6030510062770844,-0.02528054280999976,0.002641250938290092,0.002315158524311485,-0.3186329442011155,0.03097590994506835,0.027151582198417165
mice,block,GR,5,20.151022213248492,0.5936066514964727,0.5203191712597189,27.859016991647263,1.1502931669406113,1.0082764164104265,0.3788974627412873,0.04690131971233601,0.04111081933160381,0.617253275212969,0.03697249331929016,0.032407819276959134
rf,block,GR,5,25.202202161616817,0.7229600508285018,0.6337024249183394,33.826550681088435,0.9046957662311513,0.7930008030416523,0.08507371910753996,0.03939641865110693,0.034532483508174935,0.46007159239920625,0.02673117069347505,0.023430904197194076
saits,block,GR,5,18.012705746556566,0.3675902897814044,0.3222070953214661,24.161407153015467,0.834730957942094,0.7316739446337597,0.5334469199966707,0.018402329313965814,0.016130352841822935,0.7695527461505097,0.014686784392462125,0.012873534122791878
stgnn,block,GR,5,21.202754352549757,1.9061631264383128,1.6708256481524808,28.317152887187888,2.1699690757270567,1.90206175806005,0.35356399765177265,0.11879069400876613,0.10412463422400739,0.6403607000205531,0.06416072131644186,0.05623935186480165
unet,block,GR,5,18.769247994093938,1.3095600765096571,1.147880017864604,25.89049715731172,1.238782485108227,1.0858407236469416,0.46300166844977275,0.053002357802649,0.0464586150056799,0.6900554577436696,0.03929720367082437,0.03444551774357808
xgb,block,GR,5,22.689158376360645,0.5189895296661299,0.45491438023409114,30.2465887838612,0.56528256190603,0.4954920120875094,0.2687143080450797,0.013215186357572467,0.011583621572097072,0.5518621007320464,0.013359850274176183,0.011710425085852641
ae,block,NPHI,5,0.054992516108385146,0.0015718699084874528,0.0013778047231284127,0.07070645748651931,0.0018633487542837218,0.001633297196304238,0.5019420481578966,0.021046247965549696,0.018447849719936023,0.7300131061337769,0.013310114716433381,0.011666829947352027
brits,block,NPHI,5,0.05731338296243684,0.001107238729182736,0.0009705375377830464,0.069540799042282,0.001293264434582611,0.0011335962579349427,0.5182643591616797,0.014577399347175808,0.012777653903174896,0.812077598180249,0.007827259789923319,0.006860895707385152
gnn,block,NPHI,5,0.05728969333567553,0.003283335663654547,0.0028779706008573336,0.07459625077445595,0.003843017224034158,0.003368553118644023,0.4442222104788306,0.059602429563393206,0.052243832978133,0.6873681916915952,0.034893998866497085,0.03058593856113693
locf,block,NPHI,5,0.05210157281897739,0.001715070944516457,0.0015033259655240386,0.07529187080782432,0.003345872102347671,0.002932786206228854,0.43515688343495296,0.03910714771236961,0.03427892635086566,0.7112019083932083,0.018966848475853986,0.016625175704291534
mean,block,NPHI,5,0.08618748092930016,0.0009201166864442916,0.0008065178355835478,0.10260648511536585,0.001109105795993467,0.0009721740939995192,-0.04858431028449828,0.005354575749964358,0.00469349258409615,-0.2677164139332653,0.03503703047332526,0.03071131129229007
mice,block,NPHI,5,0.04443220768076974,0.0008372078682870787,0.0007338450522767385,0.058007910771093595,0.0016089228837185897,0.0014102830879115043,0.6645674890641902,0.019565925176723068,0.017150289585228327,0.8166000551339833,0.013585051517622961,0.011907822679126715
rf,block,NPHI,5,0.04879467147979165,0.0010496780424155844,0.0009200833712734204,0.06453926640896539,0.0015398337532886554,0.001349723794989613,0.5848490587821634,0.021618826377162524,0.018949736826255555,0.77658118474189,0.012619707987992649,0.011061661767600676
saits,block,NPHI,5,0.054161571997680034,0.0006520290990263125,0.0005715287043824644,0.06924946782353973,0.0010767811260375955,0.0009438402715258621,0.522403824382288,0.005408917488206066,0.004741125217819942,0.782824132931729,0.0060765461847540015,0.005326327572310561
stgnn,block,NPHI,5,0.05515764256677151,0.00311065784251623,0.0027266118171187775,0.0724476292109345,0.003824781344865881,0.0033525686657877246,0.47613128453616305,0.05290820924494419,0.04637609015627538,0.7056622849219204,0.02969688384084726,0.02603046638731541
unet,block,NPHI,5,0.042024086170550735,0.0018958037307368553,0.0016617452374587238,0.05618907978999251,0.003228937782829098,0.0028302887559891396,0.684343404107833,0.039623616172518486,0.03473163091623565,0.835678449282576,0.020267147846367496,0.017764938355450344
xgb,block,NPHI,5,0.044614399027093424,0.0012023111379195711,0.001053872178321368,0.059338926983997495,0.0017621125350281766,0.001544559737632373,0.6489090569269106,0.023314097860997564,0.020435707799299013,0.8094201489384147,0.014187511449740219,0.012435902093004882
ae,block,RHOB,5,0.07911875076302688,0.003303673624301405,0.002895797609369129,0.11074076287143146,0.006651398390109495,0.005830207746721258,0.4824768759173466,0.04137751323965535,0.036268989478756626,0.7157887841110663,0.0272226316485056,0.023861688717858306
brits,block,RHOB,5,0.10654944055685159,0.004440887249461253,0.0038926093019213113,0.14090277066333415,0.006990869474322823,0.006127767271634308,0.16246205566507155,0.048728736498605076,0.042712620769273964,0.4167320285773849,0.06856087263309497,0.060096254547287696
gnn,block,RHOB,5,0.0740239168362647,0.0038734267680047376,0.003395208259177353,0.1022513097759288,0.005899428766410326,0.005171077310043596,0.5592090927960115,0.026021046376778108,0.022808452789306977,0.7504514616430106,0.017154892781553757,0.01503692651125966
locf,block,RHOB,5,0.063926332032049,0.004920018613103323,0.004312586459229601,0.10249479132948539,0.009131804303690056,0.008004379390668231,0.5528523793015696,0.0873582915081246,0.07657291865848041,0.773230475843407,0.05005736209524378,0.04387721245236026
mean,block,RHOB,5,0.12472866629647758,0.005530901313481233,0.004848048755004469,0.16039652757014267,0.006672688134158942,0.005848869030169167,-0.08439447422575426,0.0015250836392522082,0.001336794749986356,-0.3945891953467578,0.02804738414266277,0.024584616153345094
mice,block,RHOB,5,0.07331980184011555,0.003184616066368661,0.0027914390586022166,0.10067713766407553,0.004241479022239732,0.003717820284196014,0.5707666169804165,0.04720101982123525,0.04137351805961802,0.7576006588826388,0.02741189698244049,0.024027587097623652
rf,block,RHOB,5,0.07805458005931541,0.0022940875546840944,0.0020108564016950814,0.11119634156690254,0.004026315587291957,0.0035292212180043072,0.4778462648270697,0.0328228778192,0.028770520920193287,0.7251847626035115,0.01751747619794002,0.01535474488854875
saits,block,RHOB,5,0.08272414852757759,0.004019416817528026,0.003523174179688225,0.11452499012877874,0.007324231730320123,0.006419972172527027,0.4469582488481144,0.040162845179037426,0.03520428598012994,0.7174679027790286,0.026967742862009977,0.0236382688457621
stgnn,block,RHOB,5,0.07619649937302772,0.003772576491243639,0.0033068090940174587,0.10491140923754635,0.004883518207854688,0.004280592443391444,0.5358044406977094,0.021873606412810654,0.01917306137403102,0.7401289615942408,0.013012522565705313,0.011405978926141485
unet,block,RHOB,5,0.06844227825061715,0.004871103573174545,0.004269710536303678,0.09603089887972736,0.005645806966551733,0.00494876800070021,0.6085359158991498,0.056697554303159044,0.049697597547300944,0.7948647489160636,0.0258860007491887,0.022690080077592194
xgb,block,RHOB,5,0.07075079147695267,0.002632269246335011,0.0023072857241957915,0.10205694871400214,0.004253957054463221,0.0037287577616806587,0.559834485535778,0.03597984025873113,0.03153772050613772,0.7608797653125385,0.01997083938940492,0.0175052125414364
ae,block,all,5,5.649469788858466,0.7945375029278718,0.6964428279501065,13.419602325633534,0.9058341881544676,0.7939986738542358,0.8112653837204187,0.007856262897865602,0.006886318052384894,0.9018507023835616,0.004551990810474392,0.003989995866988639
brits,block,all,5,8.690776790101477,1.3412517328605746,1.1756589794493282,18.468720660067614,1.4049062183522887,1.231454596049169,0.6426607776670031,0.018657821347352693,0.016354301483133115,0.810314202922158,0.010581512386541096,0.009275104552416272
gnn,block,all,5,7.494572691502109,1.0747708221702654,0.9420781624935721,16.5886319176872,1.0597717810375948,0.928930923270145,0.7104698031202055,0.029650730735349365,0.02599001140665913,0.8553330971351158,0.01141164396192119,0.010002746960481274
locf,block,all,5,4.4728934473885085,0.7114620634204457,0.6236239945903901,12.07418589246544,1.0778946931008322,0.9448163560930158,0.8474525451997119,0.010186216812240377,0.008928612704482513,0.9244494777092036,0.004609264626947576,0.004040198580598876
mean,block,all,5,9.649473676440405,1.310342154272811,1.1485655392491085,20.419650643386245,1.375180783087564,1.2053991032353928,0.5630895864236851,0.013757329256491209,0.012058830775293504,0.7512403363746556,0.008810216473449735,0.007722495228999855
mice,block,all,5,6.599057404337055,0.7617601594870808,0.667712219672364,15.852079561705409,0.47385046318562307,0.4153482439663033,0.735496580723858,0.019359823791445085,0.016969633755794855,0.8580630369767894,0.011335050416358716,0.00993560975767123
rf,block,all,5,8.276317901996551,1.2591608721354273,1.1037031674434725,19.298063404299896,1.575723350043216,1.3811824135766881,0.6102200490679871,0.01829476687551974,0.01603607020754004,0.8031500745203234,0.008541194813242572,0.007486687346899773
saits,block,all,5,5.931474351182755,0.9030890890567179,0.7915924884047195,13.77308880924773,0.9781287188412042,0.857367623980895,0.8010190715795173,0.013474760571090422,0.011811148402056892,0.8972468533431289,0.00772076330451369,0.006767547422134779
stgnn,block,all,5,6.968720378797644,1.2046954774843481,1.0559621440978952,16.132218145854488,1.451020192986273,1.2718752769909305,0.7247981119023743,0.04792770403578861,0.04201048485796962,0.8595829726912928,0.021375020686234137,0.01873603171575442
unet,block,all,5,6.156506271189021,0.8708430693848147,0.7633276059445725,14.74043700291438,0.7944050603119159,0.6963267368786876,0.7716471272242081,0.016859910880541115,0.01477836347480348,0.8805681192970324,0.01011069361873694,0.008862413706618302
xgb,block,all,5,7.44617630317839,1.0768377647756024,0.9438899175686527,17.24606413382852,1.198754710519392,1.0507548322592217,0.6884457681265493,0.008533492039307516,0.007479935567855205,0.8372614599603636,0.0046799966595013585,0.004102197940725853
ae,profile,GR,5,24.733980170132277,0.7274953199186057,0.6376777635511759,33.53247303178583,0.9280277703292478,0.813452206349794,0.07656539341180482,0.03824815079504673,0.03352598235502375,0.4506340806842141,0.022385129726473833,0.019621431327390332
brits,profile,GR,5,30.76766764179083,0.45768324122856313,0.40117704910340457,36.36460842541543,0.7164262090282186,0.6279752600658315,-0.08573478009712363,0.01847200272753716,0.016191424281499167,0.01844687115312213,0.027761548736179694,0.024334070372830297
gnn,profile,GR,5,22.516055250516494,0.9659327834466486,0.8466774152690576,28.869653972141105,0.9461887531276287,0.8293710096433446,0.3150045558824595,0.044971032339622824,0.03941884784925731,0.6418975776182348,0.02091526842065441,0.01833304108684527
locf,profile,GR,5,29.281042973280726,0.40594357911761697,0.3558252356711298,35.355773555350325,0.7073220601626359,0.6199951217354691,-0.02620625986457812,0.004135027612342963,0.0036245115093747056,-0.3313404772115468,0.035319054402626344,0.030958516165752004
mean,profile,GR,5,29.281042973280726,0.40594357911761697,0.3558252356711298,35.355773555350325,0.7073220601626359,0.6199951217354691,-0.02620625986457812,0.004135027612342963,0.0036245115093747056,-0.3313404772115468,0.035319054402626344,0.030958516165752004
mice,profile,GR,5,19.407121276072935,0.9457023912004232,0.8289446946176321,27.21058402553897,1.6327456939608576,1.4311647017732858,0.39110917757976216,0.06321220244018612,0.05540793841218382,0.6275969555448505,0.04820393679484093,0.04225261354689611
rf,profile,GR,5,24.620803185492026,0.721833877438371,0.6327152904184641,33.092546030453114,1.0320893916127085,0.9046662390929476,0.10036062361910747,0.04876988068083565,0.04274868523510567,0.4809326133961089,0.031729350277609605,0.027812001768233664
saits,profile,GR,5,28.527020542632425,0.4775370916527662,0.41857971629554797,34.42127004350727,0.7571392780372307,0.6636618384975336,0.027332851138009318,0.012092329530732134,0.010599394168121713,0.2050122402085764,0.04940166956163558,0.04330247260598536
stgnn,profile,GR,5,21.000253875006543,1.3487609503244322,1.1822410987664778,27.907660029264765,1.2780108862549933,1.120225933319159,0.36031535710550733,0.04291712895796132,0.03761852215765748,0.6506833362945994,0.016404708217296848,0.014379360748170655
unet,profile,GR,5,19.683113706972563,0.8247945353612045,0.7229642862268988,27.030166150752763,1.0803052812580742,0.9469293297752727,0.40027330024140684,0.027402352496324,0.024019220986675076,0.6432055054432,0.022895341952811357,0.020068652062038877
xgb,profile,GR,5,22.05701494628989,0.7987401042718127,0.7001265704467611,29.702856949393983,1.0775444167740327,0.9445093253553838,0.2749610411888582,0.048955850663825885,0.042911695112412,0.5597017989718049,0.035690545729438514,0.03128414267079502
ae,profile,NPHI,5,0.06128190302662969,0.001418228698311166,0.0012431322646094048,0.07891020117418071,0.001754760955302037,0.0015381157938845872,0.40902876542649597,0.03233629024328801,0.02834400810466884,0.6776962955650001,0.016271914636549607,0.01426296204254829
brits,profile,NPHI,5,0.07290848206739516,0.001592711942671813,0.001396073571576849,0.08618877614535439,0.0015231592651768313,0.0013351079617376568,0.295704478398673,0.00734324260178639,0.0064366359360837795,0.7308847756973034,0.021498006725577053,0.018843833732302077
gnn,profile,NPHI,5,0.059690230478867436,0.00211751029152626,0.0018560796063239807,0.07720837299811702,0.0031007494303003347,0.0027179267108793552,0.4342036882658218,0.041619120336039477,0.036480767436170236,0.6797217632707658,0.021750524731595805,0.019065175523686327
locf,profile,NPHI,5,0.08885058033136964,0.0020364245579861276,0.0017850048271411218,0.10530917556602566,0.0020355800916240364,0.0017842646197385056,-0.051354985239364395,0.00475441709331422,0.004167430327102722,-0.30956275921466636,0.040591032860125435,0.035579609030849925
mean,profile,NPHI,5,0.08885058033136964,0.0020364245579861276,0.0017850048271411218,0.10530917556602566,0.0020355800916240364,0.0017842646197385056,-0.051354985239364395,0.00475441709331422,0.004167430327102722,-0.30956275921466636,0.040591032860125435,0.035579609030849925
mice,profile,NPHI,5,0.04590646635868777,0.0010050418040050506,0.0008809579832418508,0.06011709517410345,0.002117040552142534,0.0018556678616000425,0.6563778846392858,0.032358581301583915,0.028363547078751737,0.8114441708835833,0.020058658298641136,0.017582189209335127
rf,profile,NPHI,5,0.04943595739623023,0.000864042798316416,0.0007573669055418215,0.06500959491949433,0.0009267016540078597,0.0008122898141434414,0.5987513453075497,0.02321831766683444,0.020351752757480638,0.7828766360066186,0.012183532848612696,0.010679337400995059
saits,profile,NPHI,5,0.08306940203560867,0.0021176696594829274,0.0018562192984971219,0.09794865930477796,0.002148018453541836,0.0018828211893850593,0.09051903027265826,0.009764216588780445,0.00855871319950132,0.39197324707526376,0.02957238455001014,0.02592133794735018
stgnn,profile,NPHI,5,0.05740337319676535,0.0021683962793046727,0.0019006831412116845,0.07377931942995859,0.003357416973265157,0.0029429057317647343,0.48291740882290685,0.04731360584655427,0.04147220406194252,0.7068204178067956,0.030621152942516203,0.0268406239753225
unet,profile,NPHI,5,0.04445806063835134,0.001619188158557823,0.001419280998032016,0.059340118661816876,0.0029219109049532814,0.0025611678318079975,0.6651167840457883,0.03685902706780822,0.032308361722384576,0.8226941213067643,0.019136472615971047,0.0167738578185988
xgb,profile,NPHI,5,0.04546471227134298,0.000781892282348374,0.0006853588034100618,0.05988108868566775,0.0007972164235089981,0.0006987910053721894,0.6595787808042658,0.01915542374694415,0.016790469217304493,0.8147110223821598,0.010733260248794441,0.009408117418308264
ae,profile,RHOB,5,0.08899463693645758,0.0031569169295845734,0.002767159694717441,0.12239990430239536,0.004719979861682294,0.004137244762675452,0.350461688435737,0.029804468249741225,0.026124768279544977,0.6239025031665641,0.02445932026627809,0.021439539497143733
brits,profile,RHOB,5,0.12910037138746144,0.004028338866621611,0.0035309947005307883,0.16505188003479435,0.00683089165718249,0.0059875405322193246,-0.18005060484197855,0.02403646398900901,0.021068889627914762,-0.37166014600692726,0.027914983484379822,0.02446856185944803
gnn,profile,RHOB,5,0.0739847389034742,0.005384422709924173,0.00471965459800176,0.1000277041147376,0.006841721180027089,0.005997033027523134,0.566234540117901,0.04104090581616723,0.03597394006314163,0.7534258393112545,0.027534419184301526,0.02413498254269243
locf,profile,RHOB,5,0.12458432153444121,0.0037322905848367997,0.0032714969401151915,0.15855422812862505,0.006425412548790348,0.005632122423089557,-0.08898985918735147,0.019496089714937107,0.017089076104029276,-0.3809583139493726,0.029982494288304764,0.02628081498255026
mean,profile,RHOB,5,0.12458432153444121,0.0037322905848367997,0.0032714969401151915,0.15855422812862505,0.006425412548790348,0.005632122423089557,-0.08898985918735147,0.019496089714937107,0.017089076104029276,-0.3809583139493726,0.029982494288304764,0.02628081498255026
mice,profile,RHOB,5,0.07431885705675363,0.001441272164760855,0.001263330753517551,0.0992262591770299,0.0027085396350878745,0.002374139667573113,0.572591732771322,0.026191052422942576,0.022957469659024385,0.7575537276228104,0.016187058454261872,0.014188582319320948
rf,profile,RHOB,5,0.0786641173735696,0.0015452912196590083,0.0013545074751789119,0.1097306614686683,0.0025042823874299497,0.002195100296034342,0.47668067195017727,0.041783377004396834,0.036624744754042475,0.7221433331695315,0.01996138250221586,0.017496923214333163
saits,profile,RHOB,5,0.12196007001701555,0.0032104509963852964,0.002814084373208986,0.15328174430219216,0.005952788436589542,0.005217849123156453,-0.017925333834653577,0.021071229229630936,0.01846974676335864,0.045538504583479765,0.015929846350489184,0.013963125969841735
stgnn,profile,RHOB,5,0.07729676581054708,0.00732528036793141,0.006420891343920206,0.10588044907295176,0.008523103606232318,0.007470829704781153,0.5130594744496138,0.06555801342840135,0.057464132402333785,0.7240156558516088,0.04269411582334232,0.03742304252633519
unet,profile,RHOB,5,0.07152338803282028,0.005099814845773866,0.004470184805782684,0.0982412726924525,0.005903101758553905,0.005174296829608231,0.5817270107797591,0.031036287642145156,0.027204505583332705,0.7720791713614086,0.02203499695882212,0.019314526424899538
xgb,profile,RHOB,5,0.07117531874644004,0.0020385838256026458,0.0017868975086566042,0.10026262348871992,0.003131903730501296,0.002745234659031343,0.5633465211417741,0.03282304372519924,0.028770666343213416,0.7608473483797779,0.01784963857905668,0.015645898052736806
ae,profile,all,5,7.9136976198018205,0.7569242356848768,0.663473345564915,18.89185888569583,1.0716859206705778,0.9393741271063525,0.6232477403015654,0.018285951263563697,0.016028342982962025,0.7973258166891519,0.011766777729938014,0.010314035433066648
brits,profile,all,5,9.850399627002528,0.9399952173034765,0.8239421361307818,20.4902006028295,1.1643947836660817,1.02063702845802,0.5566117839880741,0.0255914820436426,0.022431923049863634,0.7651089706978751,0.014131977652986029,0.0123872245739252
gnn,profile,all,5,7.210277673111017,0.810462712345073,0.710401889468717,16.270888261314173,1.0786128681152545,0.9454458642485959,0.7208223000841164,0.013058758815348653,0.011446506785854531,0.8604449708563523,0.008584183114710242,0.007524368254512807
locf,profile,all,5,9.38354309695084,0.9146036016035001,0.8016854036554122,19.924945226388807,1.1990240276835826,1.0509908991619834,0.5809919814246663,0.02171684052473072,0.019035650014569472,0.7625949526118183,0.014522580531102128,0.012729603092293667
mean,profile,all,5,9.38354309695084,0.9146036016035001,0.8016854036554122,19.924945226388807,1.1990240276835826,1.0509908991619834,0.5809919814246663,0.02171684052473072,0.019035650014569472,0.7625949526118183,0.014522580531102128,0.012729603092293667
mice,profile,all,5,6.217918729947595,0.7344096104200647,0.6437384063935337,15.334069815174377,1.2487269219735555,1.0945574068838428,0.7516634389865171,0.024899959481025833,0.021825776798333144,0.8673005376186811,0.014293421238827141,0.012528736116254243
rf,profile,all,5,7.868971811983407,0.7509325067620676,0.658221363600647,18.642517979318008,1.062176644811588,0.9310388793092531,0.632986632683936,0.021320013804738518,0.018687816058262665,0.8166026383829441,0.012784364180963369,0.011205989284237026
saits,profile,all,5,9.142584964693171,0.9164522820739038,0.8033058435340078,19.400009853078828,1.2174544046639835,1.0671458368673998,0.6026912972677021,0.02465612726378081,0.021612048436490314,0.777231510958684,0.015762579473030492,0.013816510087356085
stgnn,profile,all,5,6.744324005453838,0.9881489093171668,0.8661507081851804,15.74238426407592,1.3956753868020932,1.2233634154498148,0.7384635421918697,0.027692361830480603,0.02427342537610625,0.8662535719909223,0.012518365158247025,0.010972830860714062
unet,profile,all,5,6.296960338868274,0.6370613369772345,0.5584088824846547,15.235650715749452,1.1047236368120918,0.9683329621189496,0.7548982806605715,0.020631391271331262,0.018084211794412264,0.8700306909671642,0.012033956010923158,0.010548227522037221
xgb,profile,all,5,7.0510983744178475,0.6981200463655635,0.6119292010104523,16.731655226919546,0.9703095286860263,0.8505138016202328,0.7043704387741454,0.017784773175004744,0.015589041019220344,0.8463472351139995,0.010465906658335595,0.009173771663808774
ae,single,GR,5,16.563739122894894,0.5883017031613271,0.5156691790226711,22.668549221260683,0.46427892757604977,0.40695842309165353,0.5935809667330473,0.026553408575843658,0.02327508883108562,0.7784441253595248,0.015768597240712338,0.013821784893298971
brits,single,GR,5,1.5818864499222642,0.17488576555218618,0.1532941323481375,2.9099630599979642,0.7438130017153619,0.651980842278417,0.9931027771023876,0.0031383346620446413,0.0027508716190664537,0.9968234017512183,0.0014001982233485168,0.0012273278564776328
gnn,single,GR,5,22.554785291241988,0.977812957013008,0.8570908465351769,28.906250853806103,1.3776926704095933,1.207600869550513,0.3403250967732495,0.03963613311814894,0.0347426025028254,0.6455491212799169,0.024318304634504052,0.0213159338460373
locf,single,GR,5,2.585846433265404,0.30946915654371077,0.27126167582073435,4.9343336985658315,1.0219562018720376,0.8957841066660425,0.9803797366036056,0.006833843795275454,0.005990128195349619,0.9901652574751644,0.0034493386470558565,0.003023478631355747
mean,single,GR,5,29.752236469485048,0.689625283544604,0.6044832130992542,36.06390279243343,1.1025288473880503,0.9664091443663554,-0.026475513273538233,0.0020974843488973894,0.0018385260936635676,-0.3391487476210484,0.01256902253698941,0.011017234010946593
mice,single,GR,5,19.705020109920063,1.1246927381511713,0.985836651192105,27.967987705305255,1.9663098303118114,1.7235465585980885,0.38193345944023604,0.0648341304322789,0.05682962098019606,0.6187969273102539,0.051903224742096334,0.04549518239971234
rf,single,GR,5,25.071629243914067,0.4015520921582174,0.35197592763262947,34.10469614875784,0.9367842398385153,0.8211275902875196,0.08145817974300425,0.03196415437959515,0.028017816638140368,0.4554969965296662,0.020044810064432535,0.01757005069685609
saits,single,GR,5,1.9177583920583146,0.11970190760061504,0.10492334815309859,3.825821094052575,1.5241164361766524,1.3359469591109598,0.9873556035006784,0.009049037346091861,0.00793183095362391,0.9939303074684999,0.004604484432885972,0.004036008555762859
stgnn,single,GR,5,17.15527535587369,1.7363398934056473,1.5219690212103083,22.80540507651471,1.8211558316443857,1.5963134689733876,0.5875545211479244,0.06112229606432963,0.053576054704757896,0.7936077656270685,0.026964755626564342,0.023635650418445776
unet,single,GR,5,12.045056365119823,0.9125102686523343,0.7998505164223002,16.712676285310536,1.3716826655231396,1.202332867997796,0.7790871517393997,0.028696662144975793,0.025153733415136232,0.8939077795273314,0.017945874305213213,0.01573025238595243
xgb,single,GR,5,22.41123115858187,0.7809122111838733,0.6844997331573903,30.499114581046445,1.3802324230977165,1.209827060935932,0.26528995083642626,0.04705964059249693,0.04124959370172039,0.5469426068649802,0.03652611001970788,0.032016547063419575
ae,single,NPHI,5,0.05311838085872654,0.0025536914422255906,0.002238409242083352,0.06903694365091961,0.003449126221274124,0.0030232924319484014,0.5459818732485517,0.03599303869705839,0.031549289447413975,0.7556193268834772,0.021974306574659378,0.0192613289576687
brits,single,NPHI,5,0.004268587073922342,0.0002720920283120419,0.00023849917840507702,0.0075600180268388635,0.0009212117618489201,0.0008074777114972808,0.9945289572711044,0.0011461544048711524,0.0010046486315050634,0.9972982411116298,0.0005518194432881626,0.0004836910683073813
gnn,single,NPHI,5,0.057137646713165256,0.004629512354930068,0.004057946496693116,0.07392754915013736,0.006017901264778166,0.005274923033490969,0.47783205620969244,0.07466535443634037,0.06544706876883885,0.7055078908389484,0.04599836249922991,0.040319342437566436
locf,single,NPHI,5,0.009007643751713375,0.0005463975913986724,0.00047893860558695774,0.014515455237541058,0.002028253609052284,0.0017778426746164744,0.9796850511975259,0.005480986495461775,0.004804296487943461,0.9898308968130349,0.002759830195263493,0.0024190978258025494
mean,single,NPHI,5,0.08851291156386162,0.002006859690248968,0.0017590900779707386,0.10487112991174648,0.0020803820908697553,0.0018235353035483035,-0.04677421894179248,0.0029225327034155062,0.002561712862190895,-0.2885530485107175,0.024941167146873427,0.021861896910008637
mice,single,NPHI,5,0.044958201768990035,0.0019153888850914267,0.0016789123821614896,0.05778086466939345,0.0025649429521277887,0.0022482716253517557,0.6820050313907116,0.022212431446856296,0.019470054611004074,0.8267990769853606,0.014099422148373425,0.012358688415953807
rf,single,NPHI,5,0.049247416277140854,0.0010917997460549533,0.0009570046723983863,0.06490619632361574,0.0007762889533021807,0.0006804472689482076,0.5987410933643216,0.014413421343766615,0.012633920845899337,0.7829561424131134,0.007382252553510473,0.006470829666394562
saits,single,NPHI,5,0.004835183790433617,0.00014203152973756405,0.0001244961249330586,0.0068245206069076315,0.00021301798385461567,0.0001867184953929183,0.9955663921694036,0.00017485265420745785,0.000153265108974823,0.9981003673815652,8.786175210461834e-05,7.701422132863942e-05
stgnn,single,NPHI,5,0.050417282973934566,0.004304562795301312,0.0037731156492944165,0.06829393819308652,0.00889857849255398,0.007799947953687574,0.5514953830411466,0.11381645269687345,0.09976451947373452,0.7589242562400053,0.0622618616589471,0.05457492798943667
unet,single,NPHI,5,0.03346670151885559,0.0008930260978171647,0.0007827718876770182,0.046111412469346365,0.002345152052685941,0.0020556164076925413,0.7973063817058612,0.018715818920742897,0.01640513859765228,0.9048394492009979,0.007434936000452315,0.006517008743705739
xgb,single,NPHI,5,0.04508024257207911,0.0009957670792308858,0.0008728283285353383,0.05948317885504132,0.0008121572785248648,0.0007118872422155085,0.6630136326532492,0.011823125289558815,0.010363426246748554,0.8169295933735092,0.006893317003049761,0.006042258760435561
ae,single,RHOB,5,0.0750477276885462,0.0026213989542126018,0.0022977574930443645,0.10289696235871601,0.005966061147625423,0.005229483167332255,0.5219582981100067,0.03399555259296633,0.02979841567997244,0.7386869446191032,0.01752240291011728,0.01535906334217565
brits,single,RHOB,5,0.0058490138852152086,0.0006929218344996337,0.0006073727674137355,0.011006661600259978,0.002307196892487356,0.002022347242918576,0.9944868287095818,0.0017649236126272823,0.0015470237557882107,0.997389675902619,0.0009003167794945095,0.0007891624519314975
gnn,single,RHOB,5,0.07489652703702025,0.005268243414584097,0.004617818955634054,0.10094962586344783,0.008820772248895565,0.007731747774129077,0.5412316227553805,0.033980714342198536,0.029785409379717923,0.7381501128313525,0.02282664758858817,0.020008438796953798
locf,single,RHOB,5,0.012303919124850153,0.0013074758832131437,0.0011460531418920168,0.02338329100909559,0.005294672438847556,0.00464098501680823,0.9750194067720489,0.008848259245902245,0.007755841189300351,0.9875061055522039,0.004490778892741464,0.003936341255427731
mean,single,RHOB,5,0.12141819735789394,0.005431194365067709,0.004760651761327641,0.1553854624492769,0.007695336010291152,0.00674525941605551,-0.08885524389219576,0.011438668970242321,0.010026435424715105,-0.3727347263659734,0.026359440803063582,0.02310506858193647
mice,single,RHOB,5,0.07417192615472576,0.001984194207385217,0.0017392229062836667,0.09908909675156727,0.004776790121760834,0.0041870411511906345,0.5568042635893289,0.02125607061034172,0.018631767377149736,0.7475620293541899,0.014820226446551961,0.012990501240360691
rf,single,RHOB,5,0.07839633722410488,0.0032242690755035497,0.002826196453585925,0.10995108083475888,0.004915492098257861,0.004308618794030519,0.45272532589565817,0.052596637802103094,0.046102985745267555,0.7129092535032355,0.01996979911286157,0.017504300698842398
saits,single,RHOB,5,0.008304069138312794,0.0006246050079775508,0.0005474904287144439,0.017011836229975843,0.003566928965663969,0.003126551090149958,0.986726189063593,0.00458190886051078,0.004016220194093796,0.9935943867942114,0.002502077522470284,0.0021931676466853825
stgnn,single,RHOB,5,0.06541796061172012,0.003767211585799185,0.0033021065470569292,0.08839938725842113,0.0065688851422784945,0.0057578816960930515,0.647321682699897,0.0322102015318069,0.028233486476082523,0.8093692223145423,0.020164650551866944,0.017675095515589226
unet,single,RHOB,5,0.055624727076068095,0.005953296129300175,0.0052182941354382145,0.07589538743516709,0.01039524048833318,0.00911183003475347,0.7332865250400757,0.08331519888805405,0.07302899172286066,0.8893681235064805,0.02622131707112962,0.022983997792803634
xgb,single,RHOB,5,0.07146779225665569,0.0029318144964051466,0.0025698487124614384,0.10087773551028027,0.0063229801139612265,0.005542336435237094,0.5405202763281075,0.0366970704188957,0.032166400460445006,0.7500935425846552,0.018518540937817126,0.016232216821380145
ae,single,all,5,5.375840971596444,0.5109248276759127,0.447845357261677,12.856315474952538,0.7319974081973726,0.6416240179205308,0.8348904885661869,0.007217836007083789,0.006326712209215722,0.9146892928906499,0.0048556610466046965,0.004256174564955103
brits,single,all,5,0.5156049108051326,0.09425438475403566,0.08261761090307787,1.6657807659499846,0.5101005434867081,0.4471228403135798,0.9971368867747656,0.0014603731788720394,0.0012800735305863332,0.9986410033448827,0.000675902384790702,0.000592454561990122
gnn,single,all,5,7.33589722338849,1.015812580313388,0.8903989849362384,16.415311967802328,1.4969109499501152,1.3121002990180792,0.7306489154205289,0.0320733555651601,0.02811353569760591,0.8626914989283969,0.01811833716117587,0.015881422744406723
locf,single,all,5,0.8440043313431552,0.15593322867770934,0.13668150131555606,2.811714913253692,0.6772553288189,0.5936404697183089,0.9919378994120963,0.0030411334167147514,0.0026656709709807886,0.9959680717076134,0.0015271017262723093,0.0013385636812528467
mean,single,all,5,9.694660718665524,1.3586232213625375,1.1908857604803402,20.48640697773515,1.8076822500763898,1.5845033540131082,0.5814342030062252,0.03495009968042116,0.030635113092679633,0.762662847745468,0.022881839269282014,0.02005681643808477
mice,single,all,5,6.4144005203748815,0.973884861267884,0.8536477188047527,15.888447016516206,1.7486412810797767,1.5327516629206253,0.7469972277652039,0.04259363226473319,0.03733496480380812,0.8642965331174046,0.02493847426130145,0.021859536491732365
rf,single,all,5,8.140369271017148,1.0258720374047936,0.8992164878465034,19.35847143161717,1.4591274341803049,1.2789815872195085,0.6259868343103541,0.025194629416864445,0.022084066385257714,0.8095959167293991,0.019113513282368422,0.016753733075382603
saits,single,all,5,0.6256192263008996,0.10099566841909947,0.08852660656710898,2.2037315982316175,0.9883869371446472,0.8663593487750713,0.9946046274164386,0.004213550486341331,0.0036933398431219138,0.9973156973523423,0.002108118790639363,0.001847847592841591
stgnn,single,all,5,5.567151444099616,0.7729851984182063,0.6775514001115946,12.937128604900412,1.279294372239481,1.1213509583876764,0.8321029584432023,0.026770767571852254,0.02346561239139938,0.9179378531497612,0.012633665541917383,0.011073896103035802
unet,single,all,5,3.915238151541385,0.5187240153763851,0.4546816466977513,9.491502146998174,1.0702671171634226,0.9381304909995767,0.9096751559251761,0.015655623036969553,0.013722758637584043,0.955845382165428,0.008765930754960355,0.007683677085225783
xgb,single,all,5,7.280337815407786,0.9807066686955821,0.859627296658749,17.316429207125516,1.5251108939269995,1.3368186397621267,0.7001706858075193,0.0346106253449029,0.030337550717872152,0.8425827057773635,0.021843310311148598,0.019146505670065334
