method,scenario,log,n_seeds,pooledR2_mean,pooledR2_std,pooledR2_ci_low,pooledR2_ci_high,perfoldMedianR2_mean,perfoldMedianR2_std
mean,single,all,5,0.5814,0.0350,0.5380,0.6248,0.5455,0.0482
mean,single,GR,5,-0.0265,0.0021,-0.0291,-0.0239,-0.5842,0.1229
mean,single,RHOB,5,-0.0889,0.0114,-0.1031,-0.0747,-0.4956,0.0683
mean,single,NPHI,5,-0.0468,0.0029,-0.0504,-0.0431,-0.2551,0.0318
mean,block,all,5,0.5631,0.0138,0.5460,0.5802,0.5611,0.0320
mean,block,GR,5,-0.0253,0.0026,-0.0286,-0.0220,-0.4953,0.1438
mean,block,RHOB,5,-0.0844,0.0015,-0.0863,-0.0825,-0.6001,0.2142
mean,block,NPHI,5,-0.0486,0.0054,-0.0552,-0.0419,-0.2999,0.1158
mean,profile,all,5,0.5810,0.0217,0.5540,0.6080,0.5634,0.0276
mean,profile,GR,5,-0.0262,0.0041,-0.0313,-0.0211,-0.5751,0.2239
mean,profile,RHOB,5,-0.0890,0.0195,-0.1132,-0.0648,-0.4448,0.0909
mean,profile,NPHI,5,-0.0514,0.0048,-0.0573,-0.0455,-0.2768,0.0590
mean,blackout,all,5,0.5615,0.0113,0.5476,0.5755,0.5348,0.0139
mean,blackout,GR,5,-0.0250,0.0006,-0.0257,-0.0243,-0.5094,0.1369
mean,blackout,RHOB,5,-0.0832,0.0027,-0.0866,-0.0798,-0.4831,0.0444
mean,blackout,NPHI,5,-0.0500,0.0014,-0.0518,-0.0483,-0.2594,0.0578
locf,single,all,5,0.9919,0.0030,0.9882,0.9957,0.9923,0.0029
locf,single,GR,5,0.9804,0.0068,0.9719,0.9889,0.9740,0.0106
locf,single,RHOB,5,0.9750,0.0088,0.9640,0.9860,0.9626,0.0145
locf,single,NPHI,5,0.9797,0.0055,0.9729,0.9865,0.9721,0.0050
locf,block,all,5,0.8475,0.0102,0.8348,0.8601,0.8279,0.0273
locf,block,GR,5,0.6416,0.0287,0.6059,0.6772,0.3502,0.1192
locf,block,RHOB,5,0.5529,0.0874,0.4444,0.6613,0.1294,0.1592
locf,block,NPHI,5,0.4352,0.0391,0.3866,0.4837,0.0081,0.1190
locf,profile,all,5,0.5810,0.0217,0.5540,0.6080,0.5634,0.0276
locf,profile,GR,5,-0.0262,0.0041,-0.0313,-0.0211,-0.5751,0.2239
locf,profile,RHOB,5,-0.0890,0.0195,-0.1132,-0.0648,-0.4448,0.0909
locf,profile,NPHI,5,-0.0514,0.0048,-0.0573,-0.0455,-0.2768,0.0590
locf,blackout,all,5,0.7838,0.0126,0.7682,0.7995,0.7599,0.0342
locf,blackout,GR,5,0.4950,0.0183,0.4723,0.5177,-0.0272,0.1165
locf,blackout,RHOB,5,0.3478,0.0621,0.2706,0.4249,-0.2818,0.2036
locf,blackout,NPHI,5,0.3274,0.0192,0.3036,0.3512,-0.1223,0.1159
rf,single,all,5,0.6260,0.0252,0.5947,0.6573,0.5655,0.0464
rf,single,GR,5,0.0815,0.0320,0.0418,0.1211,-0.5256,0.1822
rf,single,RHOB,5,0.4527,0.0526,0.3874,0.5180,0.2687,0.0666
rf,single,NPHI,5,0.5987,0.0144,0.5808,0.6166,0.4755,0.0485
rf,block,all,5,0.6102,0.0183,0.5875,0.6329,0.5265,0.0497
rf,block,GR,5,0.0851,0.0394,0.0362,0.1340,-0.6802,0.1949
rf,block,RHOB,5,0.4778,0.0328,0.4371,0.5186,0.1669,0.1222
rf,block,NPHI,5,0.5848,0.0216,0.5580,0.6117,0.3941,0.1054
rf,profile,all,5,0.6330,0.0213,0.6065,0.6595,0.5618,0.0469
rf,profile,GR,5,0.1004,0.0488,0.0398,0.1609,-0.6682,0.2034
rf,profile,RHOB,5,0.4767,0.0418,0.4248,0.5286,0.1989,0.0726
rf,profile,NPHI,5,0.5988,0.0232,0.5699,0.6276,0.4884,0.0280
rf,blackout,all,5,0.3853,0.0170,0.3643,0.4064,0.3367,0.0499
rf,blackout,GR,5,-0.4368,0.0122,-0.4520,-0.4216,-1.6739,0.2400
rf,blackout,RHOB,5,-0.1634,0.0415,-0.2148,-0.1119,-0.4495,0.1329
rf,blackout,NPHI,5,0.0031,0.0212,-0.0232,0.0294,-0.4456,0.1351
xgb,single,all,5,0.7002,0.0346,0.6572,0.7431,0.6397,0.0543
xgb,single,GR,5,0.2653,0.0471,0.2069,0.3237,-0.2531,0.2355
xgb,single,RHOB,5,0.5405,0.0367,0.4950,0.5861,0.3224,0.0642
xgb,single,NPHI,5,0.6630,0.0118,0.6483,0.6777,0.5657,0.0169
xgb,block,all,5,0.6884,0.0085,0.6779,0.6990,0.6015,0.0478
xgb,block,GR,5,0.2687,0.0132,0.2523,0.2851,-0.3685,0.2213
xgb,block,RHOB,5,0.5598,0.0360,0.5152,0.6045,0.2990,0.0533
xgb,block,NPHI,5,0.6489,0.0233,0.6200,0.6779,0.4962,0.1130
xgb,profile,all,5,0.7044,0.0178,0.6823,0.7265,0.6676,0.0295
xgb,profile,GR,5,0.2750,0.0490,0.2142,0.3357,-0.2827,0.1471
xgb,profile,RHOB,5,0.5633,0.0328,0.5226,0.6041,0.3007,0.0646
xgb,profile,NPHI,5,0.6596,0.0192,0.6358,0.6834,0.5718,0.0146
xgb,blackout,all,5,-0.7933,0.0714,-0.8819,-0.7047,-0.6216,0.1583
xgb,blackout,GR,5,-3.1916,0.1068,-3.3241,-3.0590,-4.0241,0.7671
xgb,blackout,RHOB,5,-6.2527,0.3923,-6.7398,-5.7656,-11.7301,2.9409
xgb,blackout,NPHI,5,-2.2789,0.2011,-2.5286,-2.0291,-4.5867,0.4064
mice,single,all,5,0.7470,0.0426,0.6941,0.7999,0.6471,0.0595
mice,single,GR,5,0.3819,0.0648,0.3014,0.4624,-0.3226,0.1771
mice,single,RHOB,5,0.5568,0.0213,0.5304,0.5832,0.2414,0.0797
mice,single,NPHI,5,0.6820,0.0222,0.6544,0.7096,0.5940,0.0534
mice,block,all,5,0.7355,0.0194,0.7115,0.7595,0.6404,0.0216
mice,block,GR,5,0.3789,0.0469,0.3207,0.4371,-0.4221,0.2673
mice,block,RHOB,5,0.5708,0.0472,0.5122,0.6294,0.1796,0.1554
mice,block,NPHI,5,0.6646,0.0196,0.6403,0.6889,0.5259,0.1094
mice,profile,all,5,0.7517,0.0249,0.7207,0.7826,0.6639,0.0437
mice,profile,GR,5,0.3911,0.0632,0.3126,0.4696,-0.4707,0.4126
mice,profile,RHOB,5,0.5726,0.0262,0.5401,0.6051,0.2715,0.0414
mice,profile,NPHI,5,0.6564,0.0324,0.6162,0.6966,0.6020,0.0284
mice,blackout,all,5,0.4987,0.0145,0.4807,0.5167,0.4411,0.0432
mice,blackout,GR,5,-0.1720,0.0259,-0.2042,-0.1398,-1.5922,0.2526
mice,blackout,RHOB,5,0.0409,0.0326,0.0004,0.0813,-0.3791,0.0508
mice,blackout,NPHI,5,0.1456,0.0243,0.1155,0.1758,-0.1099,0.0118
saits,single,all,5,0.9946,0.0042,0.9894,0.9998,0.9974,0.0005
saits,single,GR,5,0.9874,0.0090,0.9761,0.9986,0.9886,0.0023
saits,single,RHOB,5,0.9867,0.0046,0.9810,0.9924,0.9906,0.0009
saits,single,NPHI,5,0.9956,0.0002,0.9953,0.9958,0.9925,0.0007
saits,block,all,5,0.8010,0.0135,0.7843,0.8178,0.7969,0.0092
saits,block,GR,5,0.5334,0.0184,0.5106,0.5563,0.3319,0.0732
saits,block,RHOB,5,0.4470,0.0402,0.3971,0.4968,0.1264,0.0795
saits,block,NPHI,5,0.5224,0.0054,0.5157,0.5291,0.3689,0.0858
saits,profile,all,5,0.6027,0.0247,0.5721,0.6333,0.5858,0.0450
saits,profile,GR,5,0.0273,0.0121,0.0123,0.0423,-0.4352,0.1562
saits,profile,RHOB,5,-0.0179,0.0211,-0.0441,0.0082,-0.3767,0.1029
saits,profile,NPHI,5,0.0905,0.0098,0.0784,0.1026,-0.1752,0.0439
saits,blackout,all,5,0.6835,0.0106,0.6703,0.6967,0.6705,0.0094
saits,blackout,GR,5,0.2601,0.0121,0.2452,0.2751,-0.1191,0.0613
saits,blackout,RHOB,5,0.2504,0.0148,0.2320,0.2689,-0.0804,0.0356
saits,blackout,NPHI,5,0.3305,0.0199,0.3058,0.3551,0.1351,0.0449
brits,single,all,5,0.9971,0.0015,0.9953,0.9990,0.9976,0.0014
brits,single,GR,5,0.9931,0.0031,0.9892,0.9970,0.9901,0.0045
brits,single,RHOB,5,0.9945,0.0018,0.9923,0.9967,0.9936,0.0024
brits,single,NPHI,5,0.9945,0.0011,0.9931,0.9960,0.9949,0.0029
brits,block,all,5,0.6427,0.0187,0.6195,0.6658,0.6296,0.0405
brits,block,GR,5,0.1618,0.0203,0.1366,0.1871,-0.4031,0.1138
brits,block,RHOB,5,0.1625,0.0487,0.1020,0.2230,-0.2485,0.1134
brits,block,NPHI,5,0.5183,0.0146,0.5002,0.5364,0.3659,0.0624
brits,profile,all,5,0.5566,0.0256,0.5248,0.5884,0.5486,0.0548
brits,profile,GR,5,-0.0857,0.0185,-0.1087,-0.0628,-0.9842,0.2750
brits,profile,RHOB,5,-0.1801,0.0240,-0.2099,-0.1502,-0.5425,0.0953
brits,profile,NPHI,5,0.2957,0.0073,0.2866,0.3048,0.0879,0.0303
brits,blackout,all,5,0.6001,0.0126,0.5845,0.6157,0.5906,0.0148
brits,blackout,GR,5,0.0652,0.0075,0.0559,0.0745,-0.7291,0.0525
brits,blackout,RHOB,5,0.0437,0.0123,0.0284,0.0590,-0.1439,0.0469
brits,blackout,NPHI,5,0.1813,0.0170,0.1601,0.2025,-0.1296,0.0912
unet,single,all,5,0.9097,0.0157,0.8902,0.9291,0.8922,0.0143
unet,single,GR,5,0.7791,0.0287,0.7435,0.8147,0.6280,0.0226
unet,single,RHOB,5,0.7333,0.0833,0.6298,0.8367,0.6845,0.0565
unet,single,NPHI,5,0.7973,0.0187,0.7741,0.8205,0.7892,0.0209
unet,block,all,5,0.7716,0.0169,0.7507,0.7926,0.7025,0.0406
unet,block,GR,5,0.4630,0.0530,0.3972,0.5288,-0.0548,0.1342
unet,block,RHOB,5,0.6085,0.0567,0.5381,0.6789,0.3710,0.0917
unet,block,NPHI,5,0.6843,0.0396,0.6351,0.7335,0.5823,0.0465
unet,profile,all,5,0.7549,0.0206,0.7293,0.7805,0.6947,0.0420
unet,profile,GR,5,0.4003,0.0274,0.3662,0.4343,-0.2158,0.1817
unet,profile,RHOB,5,0.5817,0.0310,0.5432,0.6203,0.3109,0.0906
unet,profile,NPHI,5,0.6651,0.0369,0.6194,0.7109,0.5961,0.0494
unet,blackout,all,5,0.5878,0.0233,0.5589,0.6167,0.5683,0.0264
unet,blackout,GR,5,0.0359,0.0614,-0.0403,0.1121,-0.8576,0.1966
unet,blackout,RHOB,5,0.1293,0.0190,0.1058,0.1528,-0.1625,0.0699
unet,blackout,NPHI,5,0.2445,0.0459,0.1875,0.3015,-0.0634,0.0879
ae,single,all,5,0.8349,0.0072,0.8259,0.8439,0.7991,0.0256
ae,single,GR,5,0.5936,0.0266,0.5606,0.6266,0.1666,0.1103
ae,single,RHOB,5,0.5220,0.0340,0.4797,0.5642,0.2390,0.0755
ae,single,NPHI,5,0.5460,0.0360,0.5013,0.5907,0.3050,0.0658
ae,block,all,5,0.8113,0.0079,0.8015,0.8210,0.7670,0.0538
ae,block,GR,5,0.5565,0.0279,0.5219,0.5911,-0.0099,0.2068
ae,block,RHOB,5,0.4825,0.0414,0.4311,0.5339,0.0467,0.1333
ae,block,NPHI,5,0.5019,0.0210,0.4758,0.5281,0.0434,0.1413
ae,profile,all,5,0.6232,0.0183,0.6005,0.6460,0.5014,0.0505
ae,profile,GR,5,0.0766,0.0382,0.0291,0.1241,-0.9299,0.4155
ae,profile,RHOB,5,0.3505,0.0298,0.3135,0.3875,-0.1437,0.0770
ae,profile,NPHI,5,0.4090,0.0323,0.3689,0.4492,0.1116,0.0910
ae,blackout,all,5,0.7673,0.0126,0.7516,0.7830,0.7312,0.0209
ae,blackout,GR,5,0.4560,0.0255,0.4244,0.4876,-0.1655,0.0655
ae,blackout,RHOB,5,0.3606,0.0295,0.3239,0.3973,-0.0684,0.0420
ae,blackout,NPHI,5,0.3752,0.0237,0.3457,0.4046,0.0821,0.0896
gnn,single,all,5,0.7306,0.0321,0.6908,0.7705,0.7296,0.0377
gnn,single,GR,5,0.3403,0.0396,0.2911,0.3895,-0.1250,0.1092
gnn,single,RHOB,5,0.5412,0.0340,0.4990,0.5834,0.3595,0.0425
gnn,single,NPHI,5,0.4778,0.0747,0.3851,0.5705,0.2835,0.0646
gnn,block,all,5,0.7105,0.0297,0.6737,0.7473,0.6954,0.0438
gnn,block,GR,5,0.3198,0.0778,0.2232,0.4163,-0.2058,0.1264
gnn,block,RHOB,5,0.5592,0.0260,0.5269,0.5915,0.2866,0.0964
gnn,block,NPHI,5,0.4442,0.0596,0.3702,0.5182,0.1873,0.1600
gnn,profile,all,5,0.7208,0.0131,0.7046,0.7370,0.7005,0.0696
gnn,profile,GR,5,0.3150,0.0450,0.2592,0.3708,-0.1892,0.1732
gnn,profile,RHOB,5,0.5662,0.0410,0.5153,0.6172,0.3039,0.0458
gnn,profile,NPHI,5,0.4342,0.0416,0.3825,0.4859,0.2974,0.0635
gnn,blackout,all,5,0.6364,0.0093,0.6248,0.6479,0.6359,0.0142
gnn,blackout,GR,5,0.1497,0.0196,0.1255,0.1740,-0.4751,0.0537
gnn,blackout,RHOB,5,0.1374,0.0386,0.0895,0.1852,-0.0467,0.0728
gnn,blackout,NPHI,5,-0.1482,0.0497,-0.2099,-0.0866,-0.5139,0.1160
stgnn,single,all,5,0.8321,0.0268,0.7989,0.8653,0.8319,0.0216
stgnn,single,GR,5,0.5876,0.0611,0.5117,0.6634,0.2474,0.1398
stgnn,single,RHOB,5,0.6473,0.0322,0.6073,0.6873,0.4950,0.0777
stgnn,single,NPHI,5,0.5515,0.1138,0.4102,0.6928,0.4894,0.0661
stgnn,block,all,5,0.7248,0.0479,0.6653,0.7843,0.7158,0.0442
stgnn,block,GR,5,0.3536,0.1188,0.2061,0.5011,-0.0878,0.1478
stgnn,block,RHOB,5,0.5358,0.0219,0.5086,0.5630,0.3330,0.1015
stgnn,block,NPHI,5,0.4761,0.0529,0.4104,0.5418,0.3057,0.1003
stgnn,profile,all,5,0.7385,0.0277,0.7041,0.7728,0.7050,0.0656
stgnn,profile,GR,5,0.3603,0.0429,0.3070,0.4136,-0.0739,0.1759
stgnn,profile,RHOB,5,0.5131,0.0656,0.4317,0.5945,0.3027,0.0844
stgnn,profile,NPHI,5,0.4829,0.0473,0.4242,0.5417,0.2755,0.0355
stgnn,blackout,all,5,0.6228,0.0233,0.5938,0.6517,0.6344,0.0302
stgnn,blackout,GR,5,0.1175,0.0637,0.0384,0.1966,-0.6506,0.2291
stgnn,blackout,RHOB,5,0.0597,0.0852,-0.0461,0.1656,-0.1105,0.1035
stgnn,blackout,NPHI,5,-0.1623,0.0723,-0.2520,-0.0725,-0.4123,0.0614
