method,scenario,log,seed,mae,rmse,r2,cc,n
ae,single,all,0,6.0652915363378845,13.737247132465814,0.83519445517514,0.9141000631393318,3963
ae,single,GR,0,16.16992681576904,22.501762654650648,0.627587330867135,0.7958334036973274,1477
ae,single,RHOB,0,0.07190059453248977,0.09661489179571148,0.543460005608716,0.7499103243335683,1200
ae,single,NPHI,0,0.05247880107090225,0.0676297431511453,0.5360566213347961,0.7511364295723081,1286
ae,block,all,0,5.526817786966355,13.655179753408897,0.8013321963978318,0.8955154159748893,50120
ae,block,GR,0,17.42614317654353,24.351037681609572,0.5324530104415559,0.7349216125901893,15760
ae,block,RHOB,0,0.08063010500939512,0.11373118598940546,0.44479960330239265,0.6969065537040355,18100
ae,block,NPHI,0,0.05588475521264408,0.07153533402495256,0.4787114923651835,0.7151372110558397,16260
ae,profile,all,0,7.008491913354113,18.258873940412144,0.6119633596009655,0.7899877412443227,205312
ae,profile,GR,0,24.24830723621923,34.095112142687086,0.029706854124674664,0.4291186622575827,58880
ae,profile,RHOB,0,0.08947707020347537,0.1229457064260762,0.3916632911293384,0.6569473145891656,80896
ae,profile,NPHI,0,0.06025428123155052,0.07765868615186486,0.4182937160623702,0.6748972967227865,65536
ae,blackout,all,0,6.676504890273014,15.12184188456713,0.7757736692554789,0.8816509055713098,273685
ae,blackout,GR,0,19.086090909639108,25.664986088612483,0.48021974997226613,0.7088992273995457,95009
ae,blackout,RHOB,0,0.0932725931814497,0.1249761391186433,0.33935345746893664,0.6147350958265191,87543
ae,blackout,NPHI,0,0.06302291195926998,0.08030875074543276,0.3843614482697081,0.646872437522414,91133
brits,single,all,0,0.6309558331849838,2.4314328623394568,0.9948370613898299,0.9975940882578067,3963
brits,single,GR,0,1.685063365349999,3.982746477052968,0.988333067314297,0.9947638118635052,1477
brits,single,RHOB,0,0.005261199772357941,0.008971777463658103,0.9960631608483947,0.998157696266018,1200
brits,single,NPHI,0,0.004141474777070768,0.006562264989384303,0.9956318551441594,0.9978388808806571,1286
brits,block,all,0,8.397032146960504,18.184295749084214,0.6476894732366733,0.8126412872753386,50120
brits,block,GR,0,26.52287161265533,32.42785243848309,0.17086223647381993,0.4899543337365175,15760
brits,block,RHOB,0,0.10645464663347487,0.1404082413268472,0.15379452467588695,0.40742801632596043,18100
brits,block,NPHI,0,0.05731645056251597,0.07010925583162064,0.499288407289489,0.8100001302987947,16260
brits,profile,all,0,8.89759665620138,19.54450403101644,0.555395285577916,0.7683708882566118,205312
brits,profile,GR,0,30.764363082627888,36.4955723922132,-0.11172936202559836,-0.014215764435869551,58880
brits,profile,RHOB,0,0.13213077878956742,0.169483397025137,-0.15603667140248856,-0.34787310636200797,80896
brits,profile,NPHI,0,0.07154563738902198,0.08486146219841252,0.30538413409676846,0.7504344370512296,65536
brits,blackout,all,0,9.927559814447822,20.22084628841597,0.5990632363869215,0.7767461636026131,273685
brits,blackout,GR,0,28.41897899631821,34.319193557891836,0.07058033853756285,0.2924577693517631,95009
brits,blackout,RHOB,0,0.11307741025524641,0.15084838688344807,0.03750983741458014,0.23848612239276032,87543
brits,blackout,NPHI,0,0.07753828613104152,0.09247764871138088,0.18365520971668947,0.4946629409763018,91133
gnn,single,all,0,8.327619724333335,17.873640716358583,0.7210036996142404,0.8549631649632765,3963
gnn,single,GR,0,22.235134160621552,29.277352479900816,0.3695437265445505,0.6614627061777422,1477
gnn,single,RHOB,0,0.073328624467055,0.09407768787142096,0.5671235532055555,0.7551782670594352,1200
gnn,single,NPHI,0,0.05681917802061347,0.07342973146497829,0.4530679358939035,0.6929142214602839,1286
gnn,block,all,0,7.207504108428093,16.442757671441857,0.7119406607583372,0.8500159751080762,50120
gnn,block,GR,0,22.77742449203772,29.322266496930784,0.32206915747892806,0.6201941089938758,15760
gnn,block,RHOB,0,0.07448297725198019,0.10227456494603178,0.5510211188779244,0.7437239514315963,18100
gnn,block,NPHI,0,0.0565654386002879,0.07613545275985119,0.4095123738788632,0.6699528930400557,16260
gnn,profile,all,0,6.250848139667469,14.951154260236512,0.7398198258131835,0.8641660082504204,205312
gnn,profile,GR,0,21.62724812106142,27.918515916642384,0.34941600643168913,0.6511927154158091,58880
gnn,profile,RHOB,0,0.07433414229345095,0.09943538394710554,0.6020768548733642,0.7761306730297843,80896
gnn,profile,NPHI,0,0.060248246892397606,0.07777305568384862,0.41657907296439434,0.6743257083313776,65536
gnn,blackout,all,0,8.979035258914323,19.13787419699068,0.6408593076553133,0.8038393183608992,273685
gnn,blackout,GR,0,25.6797922578957,32.481085860709875,0.1674721198030069,0.4654328688208497,95009
gnn,blackout,RHOB,0,0.11012701701550354,0.14307294902177817,0.13417520940620542,0.4037722813013758,87543
gnn,blackout,NPHI,0,0.08750982360907125,0.11021309407704011,-0.1594885302529021,0.1820572357491175,91133
locf,single,all,0,1.03038558867059,3.6980212447015037,0.98805706137714,0.9940113369407986,3963
locf,single,GR,0,2.7483441440657175,6.05743490198649,0.9730121132540552,0.9864218496187425,1477
locf,single,RHOB,0,0.01061226059993108,0.017821645206668228,0.9844658937085062,0.9923426529492663,1200
locf,single,NPHI,0,0.008848424880688613,0.01327209688917127,0.9821323024783607,0.9910579575940428,1286
locf,block,all,0,4.326841401410455,12.207453769656002,0.8412247431342523,0.9236722445523127,50120
locf,block,GR,0,13.639069658669118,21.76931359992359,0.6263372627276305,0.8157503408897377,15760
locf,block,RHOB,0,0.06101949320972295,0.1006971071563123,0.5647641904516649,0.7967816673415054,18100
locf,block,NPHI,0,0.04951416918639034,0.07186053743124284,0.4739611089357436,0.7404761021362424,16260
locf,profile,all,0,8.402842461399509,18.812904239006738,0.588057647273426,0.7673111689117655,205312
locf,profile,GR,0,29.027164332503858,35.12938375739964,-0.030053494822260607,-0.37036576847673713,58880
locf,profile,RHOB,0,0.12778988072966946,0.1633008611836842,-0.07323355014141164,-0.3637746869754916,80896
locf,profile,NPHI,0,0.08769630959352526,0.10435629234898856,-0.0504151074006538,-0.30338878974727196,65536
locf,blackout,all,0,5.810029904071017,14.701673166516576,0.788061062827453,0.8934848846181795,273685
locf,blackout,GR,0,16.605052351340554,24.951815321499737,0.5087053871305524,0.7530380952686382,95009
locf,blackout,RHOB,0,0.08099543807556754,0.13019334298473934,0.2830439798705693,0.6477646064409711,87543
locf,blackout,NPHI,0,0.059232460378922124,0.0827950167691456,0.34565247470667415,0.6787453591384973,91133
mean,single,all,0,11.435048828853251,22.77813636357248,0.5468846509613268,0.7396505312483383,3963
mean,single,GR,0,30.510441242236098,37.310899731209986,-0.023912421711414833,-0.3388266102886502,1477
mean,single,RHOB,0,0.1191334542632103,0.14998989856950962,-0.10030910914265845,-0.375453295040536,1200
mean,single,NPHI,0,0.08570501465541579,0.10167886887014602,-0.048699153249633254,-0.28186181193888726,1286
mean,block,all,0,9.334475886806436,20.212454059812956,0.5647179691599444,0.7519392059234676,50120
mean,block,GR,0,29.454974865671343,36.04456946094383,-0.024401025023816914,-0.3329547463927116,15760
mean,block,RHOB,0,0.12435619648648889,0.15900997298243316,-0.08527390163556103,-0.38778588800840996,18100
mean,block,NPHI,0,0.08503569540914795,0.10144813253362535,-0.048395252432955393,-0.2607270404743959,16260
mean,profile,all,0,8.402842461399509,18.812904239006738,0.588057647273426,0.7673111689117655,205312
mean,profile,GR,0,29.027164332503858,35.12938375739964,-0.030053494822260607,-0.37036576847673713,58880
mean,profile,RHOB,0,0.12778988072966946,0.1633008611836842,-0.07323355014141164,-0.3637746869754916,80896
mean,profile,NPHI,0,0.08769630959352526,0.10435629234898856,-0.0504151074006538,-0.30338878974727196,65536
mean,blackout,all,0,10.43751485933444,21.230790089240624,0.5580129574729117,0.7472214843917263,273685
mean,blackout,GR,0,29.866550608509087,36.033260472894625,-0.024577535474982426,-0.34037445194874133,95009
mean,blackout,RHOB,0,0.12496134241401592,0.16025400803989764,-0.08625742789653978,-0.38592619983509113,87543
mean,blackout,NPHI,0,0.08844937304989707,0.10480724026455049,-0.04853429169537038,-0.2855284468258245,91133
mice,single,all,0,7.6576019532032875,17.74328377790135,0.7250584391766512,0.8515734379539263,3963
mice,single,GR,0,20.44930869853408,29.06385827674012,0.37870493769748137,0.616009638477349,1477
mice,single,RHOB,0,0.07195895185073217,0.09283221929509919,0.5785091495301831,0.7621299340505029,1200
mice,single,NPHI,0,0.04439879517023152,0.056717718758980795,0.6736925311885775,0.8221453978512061,1286
mice,block,all,0,6.3806475624488925,15.717868552303088,0.7367793529152276,0.8585178342445506,50120
mice,block,GR,0,20.15993528134251,28.029590491113982,0.3805249417566473,0.6174446910621579,15760
mice,block,RHOB,0,0.07491930339217845,0.102785831485243,0.5465210434334895,0.7400987011854775,18100
mice,block,NPHI,0,0.04436878256962565,0.05834429497733518,0.6532362232978268,0.8084539949295155,16260
mice,profile,all,0,5.558358804933865,15.098376650481718,0.7346706666461028,0.8582253162226572,205312
mice,profile,GR,0,19.23069665529917,28.193487337483436,0.33653760232342833,0.5866939461035435,58880
mice,profile,RHOB,0,0.07353386190378025,0.0993533922686565,0.6027328172452739,0.7766696594697544,80896
mice,profile,NPHI,0,0.04494855654904484,0.05786484334840972,0.6770366499767242,0.823800494475625,65536
mice,blackout,all,0,10.927937107596708,22.697375629363616,0.494840511521226,0.7227278822830094,273685
mice,blackout,GR,0,31.295387693872375,38.522494311883776,-0.17102591644012333,0.19311610836620563,95009
mice,blackout,RHOB,0,0.11726732976994131,0.15205621594597385,0.02203499244950835,0.2137220911429824,87543
mice,blackout,NPHI,0,0.0790388117963276,0.09445417140728637,0.14838686251157096,0.4119094195503412,91133
rf,single,all,0,9.478130505037681,21.087223771640495,0.6116608192126993,0.7963656578143485,3963
rf,single,GR,0,25.327178204794066,34.541321161328504,0.12245528027124375,0.4673605282341976,1477
rf,single,RHOB,0,0.07580730487902959,0.1037664209415022,0.4733714974847597,0.7227335102070978,1200
rf,single,NPHI,0,0.0486937924795154,0.06445114156826372,0.5786424957930003,0.7726109278431272,1286
rf,block,all,0,7.906242335776365,18.670400061277128,0.628601713834154,0.8106062606835206,50120
rf,block,GR,0,25.00023664611245,33.29486097020887,0.1259329857539888,0.47915718909392313,15760
rf,block,RHOB,0,0.08006513844537472,0.11505853378554418,0.4317645782190953,0.7013061593155954,18100
rf,block,NPHI,0,0.049689872110569515,0.06540556602737026,0.5642209490904739,0.7626615835323922,16260
rf,profile,all,0,7.265006341262657,18.287904438842183,0.6107284693917321,0.8106322607093734,205312
rf,profile,GR,0,25.167788205733117,34.14940292378134,0.026614333824203196,0.44595638475398364,58880
rf,profile,RHOB,0,0.0803351341437289,0.11246518273681158,0.49095816355704414,0.7292931201654433,80896
rf,profile,NPHI,0,0.049054281189901294,0.06439008790407734,0.600090506755993,0.784852654801288,65536
rf,blackout,all,0,12.307764031097406,25.23972200492413,0.37533617080139836,0.6956191051765547,273685
rf,blackout,GR,0,35.25852103642826,42.83743274965517,-0.44805340303834895,0.07773564431509399,95009
rf,blackout,RHOB,0,0.125133157921637,0.16751789522105068,-0.1869635265898426,0.12749410079272083,87543
rf,blackout,NPHI,0,0.08360354270074247,0.10265179218908779,-0.005849813104543911,0.26969459246514554,91133
saits,single,all,0,0.7344324665123876,3.4183834875819654,0.9897949776380038,0.9949137996828095,3963
saits,single,GR,0,1.9602753297654696,5.599399583047749,0.9769392042577572,0.9885876585006366,1477
saits,single,RHOB,0,0.007557163735230764,0.012229010728537925,0.9926856904284164,0.9968962439636883,1200
saits,single,NPHI,0,0.004790518073651876,0.006670975254682278,0.9954859313015328,0.9981051502908446,1286
saits,block,all,0,5.759410937615066,13.81217518852307,0.7967377148472015,0.8951982940769416,50120
saits,block,GR,0,18.16438883996857,24.63101765138051,0.5216398091793292,0.7637921916648505,15760
saits,block,RHOB,0,0.08380196036554832,0.1148613771112042,0.4337102908494107,0.7058240635118297,18100
saits,block,NPHI,0,0.053757232026200454,0.06832957846947807,0.5243862354639731,0.7882915045905894,16260
saits,profile,all,0,8.113893905177747,18.15930748799032,0.6161837832103823,0.7862556223001461,205312
saits,profile,GR,0,28.02971130868663,33.90892857060144,0.04027490253744603,0.27429172163797105,58880
saits,profile,RHOB,0,0.1251628184632127,0.15825640807245933,-0.007952112200102057,0.043079106088692996,80896
saits,profile,NPHI,0,0.08186664187599035,0.09712543269637332,0.09010849365942308,0.3835704118701048,65536
saits,blackout,all,0,8.49961537467127,17.916871350763195,0.6852240267840677,0.8287248320384556,273685
saits,blackout,GR,0,24.325232274258113,30.408844426600826,0.27031143445278405,0.5636548902940255,95009
saits,blackout,RHOB,0,0.10272263663693378,0.1329662086933109,0.2521792177967672,0.5479344891682583,87543
saits,blackout,NPHI,0,0.06702942833891896,0.08314871487877849,0.340049822573265,0.6131303830760925,91133
stgnn,single,all,0,5.894702016375114,12.909541904121054,0.854456082635413,0.9264562856150634,3963
stgnn,single,GR,0,15.72226837735444,21.145988298089005,0.671112518680082,0.8309724358264444,1477
stgnn,single,RHOB,0,0.06343479146560033,0.08361037865739852,0.6580905801596426,0.8160932190838657,1200
stgnn,single,NPHI,0,0.04882733109125141,0.0665818587292235,0.5503223168030246,0.7572792923383751,1286
stgnn,block,all,0,6.590693095790467,15.882633168243212,0.7312319389457783,0.8581039600764453,50120
stgnn,block,GR,0,20.81678601105251,28.323377732724847,0.36747104879383774,0.6414212264857229,15760
stgnn,block,RHOB,0,0.07568348865482688,0.10468594453745497,0.5295999237351827,0.7437062812796962,18100
stgnn,block,NPHI,0,0.054312378977755045,0.07276682981249526,0.4606088193927762,0.6884689468103766,16260
stgnn,profile,all,0,5.603627673155168,14.35936298747777,0.7600089181420197,0.8737907429031359,205312
stgnn,profile,GR,0,19.370601665778057,26.813403081900905,0.3999014312970708,0.6679414698501179,58880
stgnn,profile,RHOB,0,0.0757745888608779,0.10562176586745195,0.5510229534964699,0.7542316857897543,80896
stgnn,profile,NPHI,0,0.05830562758380342,0.0746643978346308,0.4622866592278909,0.6906203075828958,65536
stgnn,blackout,all,0,8.82915557177296,19.47939435902844,0.6279270268846837,0.7957744087218677,273685
stgnn,blackout,GR,0,25.248148566066302,33.060719650273626,0.13749362642526997,0.46950177611085747,95009
stgnn,blackout,RHOB,0,0.10934859243457894,0.1444196254548512,0.11779932173618823,0.4152442104605918,87543
stgnn,blackout,NPHI,0,0.08815019498742102,0.11346468113888561,-0.2289139139444878,0.19097329993653603,91133
unet,single,all,0,4.3279325138047104,10.039701744116494,0.9119733814825384,0.9554553152698952,3963
unet,single,GR,0,11.542980980534125,16.445171346185962,0.8010847071118397,0.8992103059422561,1477
unet,single,RHOB,0,0.050193361441294354,0.06658681932901322,0.7831461054695322,0.909113760991442,1200
unet,single,NPHI,0,0.03295615103391244,0.04319611102322758,0.8107312986312314,0.9103491119690569,1286
unet,block,all,0,5.862884273309727,14.332240698780454,0.7811428024198861,0.8849608247579948,50120
unet,block,GR,0,18.51433694931456,25.55855032972036,0.4849341526558222,0.7059921486768795,15760
unet,block,RHOB,0,0.07445967861301991,0.10448219254890194,0.5314292367163932,0.7660869299278125,18100
unet,block,NPHI,0,0.043916929532002845,0.05747747609849774,0.663463393764832,0.8190187447086126,16260
unet,profile,all,0,5.498383081461938,14.455587895695666,0.7567816864593697,0.8707521534791872,205312
unet,profile,GR,0,19.024891321199096,26.993162861391006,0.3918282162862585,0.639032410621426,58880
unet,profile,RHOB,0,0.07215784043309433,0.1013447308125828,0.5866483862642644,0.7835904968388645,80896
unet,profile,NPHI,0,0.043657616718064673,0.056115199355496054,0.69627209255294,0.8369768713907018,65536
unet,blackout,all,0,9.054673675967571,19.94589865832216,0.6098923732845641,0.784557654158404,273685
unet,blackout,GR,0,25.91422402226985,33.85257037301225,0.09568235166173966,0.39015373440718215,95009
unet,blackout,RHOB,0,0.11110801904194945,0.1456803561304919,0.1023295117282148,0.39434345527666054,87543
unet,blackout,NPHI,0,0.06931765183148945,0.08705643469947748,0.27656115967973716,0.5499095477713272,91133
xgb,single,all,0,8.613986103929186,19.189710233917854,0.6784050424616744,0.827830427775352,3963
xgb,single,GR,0,23.018442944892776,31.433159702150764,0.2732794420484761,0.5445843325861004,1477
xgb,single,RHOB,0,0.06814093252023061,0.0915323862347367,0.590229910597659,0.7754592485482252,1200
xgb,single,NPHI,0,0.04449267592570783,0.059188972978054886,0.644637895196992,0.8064830519931317,1286
xgb,block,all,0,7.164273321671829,16.89232925819794,0.6959733015601552,0.8395945698342733,50120
xgb,block,GR,0,22.651830318676033,30.124018047646288,0.2844893246290532,0.5567821265122461,15760
xgb,block,RHOB,0,0.07371475321811866,0.10710816530534702,0.507579877168772,0.7322437275937772,18100
xgb,block,NPHI,0,0.045897664613151166,0.06073284662616596,0.6242627894541748,0.79359685330468,16260
xgb,profile,all,0,6.495128566544545,16.481877741890813,0.6838172794264087,0.8385836716929489,205312
xgb,profile,GR,0,22.49730504738248,30.776958124437893,0.20937579828919184,0.521095816079254,58880
xgb,profile,RHOB,0,0.0734891991729294,0.10342926041001335,0.5694692963975138,0.7645624874362446,80896
xgb,profile,NPHI,0,0.04488422864105246,0.059109302220951246,0.6629957770856183,0.8173933960958213,65536
xgb,blackout,all,0,21.35960117657197,42.93196029932546,-0.8073350160322024,0.6776411645906879,273685
xgb,blackout,GR,0,61.05499564275742,72.86443602805227,-3.189564904869526,0.023766945900085972,95009
xgb,blackout,RHOB,0,0.3508398146002015,0.42712143704514005,-6.716452670083171,0.03919558169519976,87543
xgb,blackout,NPHI,0,0.15707589015850681,0.18622188758947011,-2.310255503555686,0.2519440369032423,91133
ae,single,all,1,4.953487289285755,12.062279674165554,0.8424933222777423,0.921238139835898,3981
ae,single,GR,1,16.45643474479232,22.0897606484422,0.5763974252791177,0.7808403305804669,1187
ae,single,RHOB,1,0.07772441551526879,0.1114120197287298,0.5310952184869042,0.739323926610548,1294
ae,single,NPHI,1,0.05697964193423589,0.07414308055383899,0.49630046717862086,0.7214480364198071,1500
ae,block,all,1,5.7649864692769395,13.518439641362422,0.8139126018061206,0.9037199117334116,48360
ae,block,GR,1,17.74818971802855,23.8165204243402,0.5505403233544627,0.7574652175283586,15580
ae,block,RHOB,1,0.08408043925688964,0.12018824367394638,0.4586326977944858,0.6952901574327655,14980
ae,block,NPHI,1,0.05721488018425998,0.07341263399204677,0.48400289062559754,0.720334039982039,17800
ae,profile,all,1,7.984141721901573,18.84822243250316,0.6182226521021796,0.8018038297639036,205312
ae,profile,GR,1,25.346217101016844,33.69118345148256,0.08138228579943008,0.464967794585504,64256
ae,profile,RHOB,1,0.08795855661240402,0.12263941989103547,0.3403761489612428,0.615545403113609,66816
ae,profile,NPHI,1,0.06353098391033388,0.08136943359284014,0.3833270866825297,0.6561938714306508,74240
ae,blackout,all,1,7.386447208340145,16.28834659381699,0.746900735205209,0.8660482785804693,278822
ae,blackout,GR,1,20.361146420439127,27.13310193535642,0.42990508923215554,0.668950893285128,100478
ae,blackout,RHOB,1,0.09072434561347212,0.12319452940547045,0.38250063587598515,0.6362905399405017,84464
ae,blackout,NPHI,1,0.06384504008347754,0.08128026094193622,0.3601245297315062,0.6234449069400073,93880
brits,single,all,1,0.39400662044032797,1.0744722471479566,0.998750228581229,0.9993986872786733,3981
brits,single,GR,1,1.308062681151521,1.9676489309532506,0.9966389745674331,0.9984180838251349,1187
brits,single,RHOB,1,0.0069054776033994035,0.014641079998968244,0.9919022047083672,0.9961325518821049,1294
brits,single,NPHI,1,0.004622843618194262,0.008575394141613355,0.9932618841214067,0.9966956996019982,1500
brits,block,all,1,8.327217318110531,18.150424222979336,0.6645425885895551,0.8203625385104634,48360
brits,block,GR,1,25.672012277071833,31.977188279502172,0.1897581715901947,0.49547974599762223,15580
brits,block,RHOB,1,0.11223450716092526,0.15147880676488645,0.14005278434214063,0.39025211183722924,14980
brits,block,NPHI,1,0.05915760167277931,0.07150287098332528,0.5105000908318478,0.8011838866700667,17800
brits,profile,all,1,9.778553890682325,20.46370370824514,0.5499737590430716,0.7621362803440539,205312
brits,profile,GR,1,31.028244725291234,36.578733226596356,-0.08282831906118848,0.03649285742653885,64256
brits,profile,RHOB,1,0.12631676249184656,0.16297731519359349,-0.1649049587441731,-0.34285781133270676,66816
brits,profile,NPHI,1,0.07359351471983748,0.08698963337125191,0.29519773995636367,0.7288548254468161,74240
brits,blackout,all,1,10.415932011915745,20.94972995020244,0.5813088916628828,0.7656138148623499,278822
brits,blackout,GR,1,28.7367452574079,34.89808520707155,0.056913629164833335,0.2651268661790075,100478
brits,blackout,RHOB,1,0.11392190752098971,0.1523494871336448,0.05564417821504819,0.2652452818432155,84464
brits,blackout,NPHI,1,0.07624632994980446,0.09100654244632632,0.1978224325608483,0.5054915654473843,93880
gnn,single,all,1,6.333697882184281,14.640910679855649,0.7679527821139883,0.884722397985478,3981
gnn,single,GR,1,21.074139696772647,26.812174216568952,0.37591946652487496,0.6716587359857934,1187
gnn,single,RHOB,1,0.08411437125626083,0.1161612656765958,0.4902664287352442,0.7041973498814986,1294
gnn,single,NPHI,1,0.06040230166725814,0.07837535009129003,0.43715439056225114,0.6775396878875435,1500
gnn,block,all,1,7.0529998357681585,15.65016263261378,0.7505970758103916,0.872588579790719,48360
gnn,block,GR,1,21.748750947328077,27.57229943620606,0.3976067674402852,0.6757551566323393,15580
gnn,block,RHOB,1,0.08011880756538604,0.11239062875821906,0.5266000088106674,0.7290908596036997,14980
gnn,block,NPHI,1,0.058278233766696975,0.07466182217222346,0.46629309015381204,0.7032273313420656,17800
gnn,profile,all,1,7.14022717452363,16.150626464987145,0.7196838591133303,0.8584253486788406,205312
gnn,profile,GR,1,22.66222708093926,28.869196883057878,0.32551594444960663,0.6377959283821198,64256
gnn,profile,RHOB,1,0.07865102476194158,0.10616482046517599,0.5056922325575053,0.7114438650256377,66816
gnn,profile,NPHI,1,0.061087169618376506,0.08028440521257199,0.3996636013586039,0.6573130666415271,74240
gnn,blackout,all,1,9.304730393867322,19.790784221623735,0.6263518062580371,0.7985585587606235,278822
gnn,blackout,GR,1,25.644145183679765,32.96742538010728,0.15837556684006748,0.4650348920263882,100478
gnn,blackout,RHOB,1,0.11314269499212848,0.15052562592291635,0.07811966181647134,0.35488097994118956,84464
gnn,blackout,NPHI,1,0.08664927059313338,0.10842592082830745,-0.13865333286170012,0.20451229495988876,93880
locf,single,all,1,0.643786707310411,1.873722244597963,0.9961994136082236,0.9981001879737407,3981
locf,single,GR,1,2.132311659895681,3.431248901968069,0.9897792911623272,0.9948924169164537,1187
locf,single,RHOB,1,0.014173208838084013,0.031144463521719904,0.9633577380370895,0.9815868208538536,1294
locf,single,NPHI,1,0.00901387284672819,0.013452317713915867,0.9834184728334662,0.9917082698544746,1500
locf,block,all,1,4.751257806585376,12.47996611625594,0.8414045791793695,0.9218163062762921,48360
locf,block,GR,1,14.624032421014123,21.986903386372646,0.616944018993901,0.8116339693551359,15580
locf,block,RHOB,1,0.0647284421010393,0.11196812425602082,0.5301525768349133,0.7403434705322203,14980
locf,block,NPHI,1,0.05386350249411182,0.08071320092011144,0.37627263642684194,0.6972718969753887,17800
locf,profile,all,1,9.27543784984585,19.88524478188148,0.575056448916633,0.7587254424346551,205312
locf,profile,GR,1,29.405720965380212,35.54468043128988,-0.022472205089600017,-0.29412168723731097,64256
locf,profile,RHOB,1,0.12233437297480373,0.1568025659044199,-0.07830720218812015,-0.3388080960489529,66816
locf,profile,NPHI,1,0.09012386868798158,0.10660403843990264,-0.05847255452374989,-0.37330282685413113,74240
locf,blackout,all,1,6.317587907634141,15.750481320100086,0.7633401746673387,0.8811360287142374,278822
locf,blackout,GR,1,17.404409393259748,26.237056856700985,0.46693704296013994,0.728125193365903,100478
locf,blackout,RHOB,1,0.08230012601061873,0.13229025685896043,0.28795180759430883,0.6535539387938886,84464
locf,blackout,NPHI,1,0.061470501949853866,0.08443181592227246,0.3095415590159647,0.6576474370575426,93880
mean,single,all,1,8.660417616316808,18.798390678992735,0.6174558844847824,0.7859619324666267,3981
mean,single,GR,1,28.788285821852003,34.42572226051346,-0.028827803111685535,-0.35075700206683036,1187
mean,single,RHOB,1,0.13099835082957698,0.16889672837834516,-0.07761354310379986,-0.3815950088867886,1294
mean,single,NPHI,1,0.0906102626969417,0.10682119526792598,-0.04555085485638233,-0.2913916499690713,1500
mean,block,all,1,9.574225246539914,20.421316499030887,0.5753498285688776,0.7585504961976576,48360
mean,block,GR,1,29.491831392623645,35.97794928628042,-0.02566827422153195,-0.35411873498421714,15580
mean,block,RHOB,1,0.1316333248236469,0.1700154918956801,-0.08329075409186659,-0.42842224569111964,14980
mean,block,NPHI,1,0.08735576515368532,0.10438021506563593,-0.04313863397016515,-0.24359961841366715,17800
mean,profile,all,1,9.27543784984585,19.88524478188148,0.575056448916633,0.7587254424346551,205312
mean,profile,GR,1,29.405720965380212,35.54468043128988,-0.022472205089600017,-0.29412168723731097,64256
mean,profile,RHOB,1,0.12233437297480373,0.1568025659044199,-0.07830720218812015,-0.3388080960489529,66816
mean,profile,NPHI,1,0.09012386868798158,0.10660403843990264,-0.05847255452374989,-0.37330282685413113,74240
mean,blackout,all,1,10.89480574717089,21.837524651754222,0.5450709226040016,0.7386821727561922,278822
mean,blackout,GR,1,30.04336929429491,36.37693407878523,-0.024708779966911232,-0.3414517329824048,100478
mean,blackout,RHOB,1,0.1276260590684258,0.16329971768782714,-0.08498700530898762,-0.3821913278641237,84464
mean,blackout,NPHI,1,0.08770835782235792,0.10420345290374171,-0.05169425963579943,-0.3134141593897462,93880
mice,single,all,1,5.4963518800625675,14.010005862104952,0.787520606720775,0.8881718312243778,3981
mice,single,GR,1,18.292220444466352,25.656859639383743,0.42854298610350106,0.6574042325920281,1187
mice,single,RHOB,1,0.07598140610056646,0.10616648233692899,0.5742100344081575,0.759842433845671,1294
mice,single,NPHI,1,0.04652748496892552,0.059882398806583796,0.6714294205738808,0.8199972768277788,1500
mice,block,all,1,6.532834975511566,15.807431552452949,0.7455593765126627,0.8635566289735236,48360
mice,block,GR,1,20.153485738439187,27.849454661122913,0.3854354539345719,0.6212043080417945,15580
mice,block,RHOB,1,0.07527675020678817,0.10432790428965402,0.5920856244683258,0.7696140623432691,14980
mice,block,NPHI,1,0.04544639846961422,0.05874992433658146,0.6695389496495187,0.8187918514053022,17800
mice,profile,all,1,6.131020442468735,15.063062524022332,0.756165071136938,0.869640959463387,205312
mice,profile,GR,1,19.458349373500027,26.92521517214807,0.41329383972248146,0.643164636126876,64256
mice,profile,RHOB,1,0.07500287889542194,0.09997719856326193,0.5616327486843671,0.7498738282743748,66816
mice,profile,NPHI,1,0.04640327834384089,0.0614409922883354,0.6484001110646032,0.8054254704844954,74240
mice,blackout,all,1,11.253017918824678,23.38736741712841,0.4782054283500745,0.7092482497760803,278822
mice,blackout,GR,1,31.055613958399352,38.958784514316605,-0.17532796269542894,0.20245716609173042,100478
mice,blackout,RHOB,1,0.11728569189748839,0.15330934056668918,0.043707168851020106,0.24810803402876722,84464
mice,blackout,NPHI,1,0.07750920504958556,0.09239569529647196,0.17314613787575783,0.45584659431704405,93880
rf,single,all,1,7.328256112174102,17.714866776458276,0.6602840289803802,0.8357780551034859,3981
rf,single,GR,1,24.42901831589131,32.4417732033487,0.08633762971763304,0.4800218665200583,1187
rf,single,RHOB,1,0.07934831660903034,0.11452170540948879,0.5045541670704998,0.7271890055205708,1294
rf,single,NPHI,1,0.049244079940021036,0.06454497098752221,0.6182710348461278,0.7915723821659216,1500
rf,block,all,1,8.423796102947739,19.83559129033114,0.5993601602686716,0.7961169003864444,48360
rf,block,GR,1,26.014180295947888,34.94632049299867,0.03230828531526686,0.4171345959836232,15580
rf,block,RHOB,1,0.07988382468872936,0.11522723476667923,0.502402346874106,0.7313790174663035,14980
rf,block,NPHI,1,0.049280383924011364,0.06450162517136904,0.6016663736611965,0.7856284378600504,17800
rf,profile,all,1,7.652342827210636,18.242887189666227,0.6423514199740309,0.8190911473066946,205312
rf,profile,GR,1,24.31206291374487,32.609212968223524,0.13943650938795027,0.500769321345957,64256
rf,profile,RHOB,1,0.07892231467283434,0.11029769948594031,0.4664574203525248,0.7151183598495424,66816
rf,profile,NPHI,1,0.049146317046061004,0.06495857455603443,0.6069884990830776,0.7873700183709774,74240
rf,blackout,all,1,12.666462192546078,25.762872485199082,0.36682253813034826,0.6885509197553928,278822
rf,blackout,GR,1,34.96498545946576,42.91590883893848,-0.4262146705991152,0.09761670826303119,100478
rf,blackout,RHOB,1,0.12634799955474493,0.17017673597422914,-0.1782950357585995,0.12378846973425896,84464
rf,blackout,NPHI,1,0.08313437387611897,0.10117976897652989,0.008454494629485998,0.29642819344972215,93880
saits,single,all,1,0.5259937535006627,1.3642678397571937,0.9979851650920152,0.9990072962901684,3981
saits,single,GR,1,1.7476189154582358,2.4983442669213476,0.9945814743064431,0.9976306745935344,1187
saits,single,RHOB,1,0.009268960499505539,0.020446160653505633,0.984207746587398,0.9921182780237925,1294
saits,single,NPHI,1,0.0050422967672348025,0.007128216689892117,0.9953442239521173,0.9979522928628723,1500
saits,block,all,1,5.789016982251,13.408316214535018,0.8169320499899039,0.9061183074301317,48360
saits,block,GR,1,17.82083766249239,23.62247809223806,0.5578343292377654,0.7830940938170469,15580
saits,block,RHOB,1,0.08883640675423779,0.1265240313512923,0.4000513422495642,0.6850252235910507,14980
saits,block,NPHI,1,0.05491242173305723,0.0706436673859422,0.5221934160975547,0.7825540177060741,17800
saits,profile,all,1,9.096598388652792,19.461103704004643,0.5929907365120659,0.7714052015687218,205312
saits,profile,GR,1,28.842996242274324,34.7865574139937,0.020678731502643988,0.18102399786221288,64256
saits,profile,RHOB,1,0.12041435924347961,0.15178075735566057,-0.010344790903312528,0.04900915785319906,66816
saits,profile,NPHI,1,0.08431621767632695,0.09919504002916334,0.08354277128084808,0.36764167683037935,74240
saits,blackout,all,1,9.014670805295403,18.650331420565866,0.668174324498751,0.8179048516463261,278822
saits,blackout,GR,1,24.862766533449967,31.067733395847732,0.2525753606491318,0.5432581906143953,100478
saits,blackout,RHOB,1,0.10530968403772188,0.136021517592893,0.24721856364672445,0.5553712540743063,84464
saits,blackout,NPHI,1,0.06851949694851737,0.08484450430682387,0.3027753760343863,0.5760812446618556,93880
stgnn,single,all,1,4.501605157694094,11.269782133762797,0.8625099644155908,0.9314660337632623,3981
stgnn,single,GR,1,14.946918497591733,20.638427027744843,0.6302316297104165,0.8110623716954861,1187
stgnn,single,RHOB,1,0.07105634247501261,0.09603767539406427,0.6515793831803756,0.8180202122009864,1294
stgnn,single,NPHI,1,0.05796731265075505,0.08385385330841683,0.35571748710225326,0.6520368850793751,1500
stgnn,block,all,1,6.01109493142841,14.269301263494613,0.792666611481886,0.8906602218081668,48360
stgnn,block,GR,1,18.5136226513802,25.139446774695593,0.4992216508454256,0.7123630981540694,15580
stgnn,block,RHOB,1,0.08262909563265751,0.11324821512071391,0.5193479757409936,0.7239277656259284,14980
stgnn,block,NPHI,1,0.05710820914590728,0.07441066685491975,0.4698777300634446,0.7013130997019663,17800
stgnn,profile,all,1,6.323519073159881,15.159143173819404,0.7530445189590628,0.8702165158386805,205312
stgnn,profile,GR,1,20.046390732805722,27.096842563362415,0.40579040675963873,0.660590444482298,64256
stgnn,profile,RHOB,1,0.08592002620470934,0.1164023257013948,0.40576327207214413,0.6564283906482147,66816
stgnn,profile,NPHI,1,0.05997619276054795,0.07883051055286738,0.42121007099504515,0.6662649352340162,74240
stgnn,blackout,all,1,9.22774811757844,20.000223228391373,0.6184015819078235,0.7925742549729301,278822
stgnn,blackout,GR,1,25.42213417769626,33.31625387978659,0.1404708755056422,0.46634245642318833,100478
stgnn,blackout,RHOB,1,0.1201424004468057,0.16289209974630003,-0.07957722009113866,0.25666020696788083,84464
stgnn,blackout,NPHI,1,0.0893297829308861,0.11325903266972843,-0.24242728231898636,0.21989530909747562,93880
unet,single,all,1,3.2259385379148737,7.925339433146018,0.9320051645947324,0.968356768683316,3981
unet,single,GR,1,10.7240039259823,14.513792222282484,0.8171317226272334,0.9194229283469296,1187
unet,single,RHOB,1,0.04909050068494157,0.06726643229397752,0.8290703692081217,0.9199126950388568,1294
unet,single,NPHI,1,0.03303036760787169,0.04480255581586153,0.8160770711243086,0.9115873567225861,1500
unet,block,all,1,6.793646168682918,15.749068169664728,0.7474347730596526,0.8661498574611404,48360
unet,block,GR,1,20.978726466966073,27.746677405725165,0.38996313373211666,0.6316210205731582,15580
unet,block,RHOB,1,0.0634592829145322,0.09314971319360844,0.6748145630924706,0.8242157005728987,14980
unet,block,NPHI,1,0.04166012944465273,0.05413264805404503,0.719441002909587,0.8545460471512948,17800
unet,profile,all,1,6.624526687132042,15.596292562835051,0.7385960735915522,0.8602640369609417,205312
unet,profile,GR,1,21.042949307338887,27.87839577262532,0.3710185441833709,0.6134955755254252,64256
unet,profile,RHOB,1,0.06744544286730475,0.09561691175382722,0.5990357976635932,0.7788602669141174,66816
unet,profile,NPHI,1,0.046506435687830354,0.06250975709990898,0.6360615762626617,0.8109727187152495,74240
unet,blackout,all,1,9.467277201503785,20.58926147471136,0.5955932296318012,0.7735502294451515,278822
unet,blackout,GR,1,26.11654969957258,34.29763861489125,0.08908739615422145,0.38504456010198784,100478
unet,blackout,RHOB,1,0.10784861224689907,0.1460796980841713,0.13177278660516378,0.42473336545566215,84464
unet,blackout,NPHI,1,0.068567937571503,0.08566742518708047,0.2891847915652893,0.5592948945341857,93880
xgb,single,all,1,6.501187824782408,15.786301237372435,0.7302254633641062,0.8640225930038251,3981
xgb,single,GR,1,21.66478855627971,28.90989958227962,0.2744460058948456,0.56790414945758,1187
xgb,single,RHOB,1,0.07471736312096786,0.1089993674379864,0.5511838027323531,0.7506156888238887,1294
xgb,single,NPHI,1,0.045626964184145136,0.05961854006624734,0.6743185905779143,0.8222065753443214,1500
xgb,block,all,1,7.512066138148669,17.469275912682544,0.6892482095367105,0.8370141717165281,48360
xgb,block,GR,1,23.196672077876766,30.777331986850903,0.24942162111172816,0.5326696078905313,15580
xgb,block,RHOB,1,0.07193216243000311,0.10538011054656521,0.5838160349478156,0.7701243384058251,14980
xgb,block,NPHI,1,0.04504627383978556,0.05884137508603335,0.6685093506447777,0.8201811585223178,17800
xgb,profile,all,1,6.870710726585108,16.35681758875245,0.7124807142439802,0.8491512407058482,205312
xgb,profile,GR,1,21.82741106656265,29.237848046674387,0.3081800329314631,0.5794183732068323,64256
xgb,profile,RHOB,1,0.07097992094205086,0.10062443402804765,0.5559385456962903,0.7555468197985209,66816
xgb,profile,NPHI,1,0.045186433269504805,0.05994862484476337,0.6652730057172656,0.8177691616934268,74240
xgb,blackout,all,1,22.31196086046638,44.10744058359099,-0.8559257407186727,0.655642199468859,278822
xgb,blackout,GR,1,61.494151855853836,73.47388786330995,-3.180366063571606,-0.012952084236505262,100478
xgb,blackout,RHOB,1,0.3337023093277452,0.4097610703502019,-5.831484070766138,0.09394668510493227,84464
xgb,blackout,NPHI,1,0.14987568182166003,0.1777509010133348,-2.060193617309307,0.27059972486634515,93880
ae,single,all,2,4.792678911512676,12.139322792800092,0.8325697295659735,0.9128151960554903,3987
ae,single,GR,2,17.588090481811296,23.367039256109578,0.558956242006173,0.7526456725655639,1076
ae,single,RHOB,2,0.07327798710480024,0.09777548530795242,0.5595346200771584,0.7557401695856348,1593
ae,single,NPHI,2,0.05075389098189489,0.06604980688428481,0.5821670471563096,0.7756654971732566,1318
ae,block,all,2,5.301848686166121,12.919226682253612,0.8073251272622661,0.8991332938273308,45560
ae,block,GR,2,17.300308178752832,23.43971982311336,0.5314560445366308,0.7386164735870695,13840
ae,block,RHOB,2,0.07798552673971541,0.11030750078576756,0.4974074020418988,0.718984930589098,17120
ae,block,NPHI,2,0.05348278972639205,0.06867354799694998,0.5305214764673054,0.7495260403337897,14600
ae,profile,all,2,7.3149910065004855,17.557156625621786,0.6507000532430209,0.8135645817744175,205312
ae,profile,GR,2,23.9705506227144,31.89576505526605,0.1182799506869896,0.47427506681298176,62208
ae,profile,RHOB,2,0.0923427427764982,0.12767104876601937,0.32386087108495853,0.5942750920387737,64000
ae,profile,NPHI,2,0.06049611715102209,0.07744355318488216,0.4126522734315198,0.672484436535985,79104
ae,blackout,all,2,6.980037149611668,15.734665004708962,0.7631023985699301,0.8745858311489478,274864
ae,blackout,GR,2,19.90314443073411,26.662718391372735,0.4272731256116947,0.6693415754588482,95722
ae,blackout,RHOB,2,0.09028630448671554,0.12535270620290817,0.3517451849977806,0.6131608577431971,85127
ae,blackout,NPHI,2,0.060696034144449885,0.07865740373426164,0.4036083189424725,0.6568625563055036,94015
brits,single,all,2,0.45745598744196436,1.4217564998859413,0.9977033463592667,0.9989028626249861,3987
brits,single,GR,2,1.6809915751772742,2.7367470283791757,0.9939501638308819,0.9971983929637471,1076
brits,single,RHOB,2,0.006112238182934739,0.011594085475036183,0.9938066615443146,0.9969548341702367,1593
brits,single,NPHI,2,0.004092027021964873,0.00707912669243894,0.9952002462856756,0.9976008919837569,1318
brits,block,all,2,7.919494328124872,17.315937812781314,0.6538661454245132,0.8190063975012318,45560
brits,block,GR,2,25.875310040760592,31.416890294965533,0.1582717597253358,0.48185825798245246,13840
brits,block,RHOB,2,0.10956201746224244,0.1428765977893757,0.15680465851199143,0.4058986417858755,17120
brits,block,NPHI,2,0.05631293741705483,0.06819269410098489,0.5370730593718838,0.8209353328303569,14600
brits,profile,all,2,9.23524182146047,19.535469848117977,0.5675480354496877,0.7758072168825545,205312
brits,profile,GR,2,30.2548171022424,35.48960861323199,-0.09160895249539402,0.05216940679603176,62208
brits,profile,RHOB,2,0.13079068160615862,0.169826636583849,-0.19636261909288022,-0.4094261657413788,64000
brits,profile,NPHI,2,0.07134535457881644,0.08497093881082857,0.2929248340487841,0.7197821972560423,79104
brits,blackout,all,2,9.79599717918291,20.022148672081943,0.6164102223616121,0.7860911696040243,274864
brits,blackout,GR,2,27.95310398983409,33.92800312530476,0.07262515886439824,0.2823895944069102,95722
brits,blackout,RHOB,2,0.11321254846264862,0.1519509610345682,0.047455606719770005,0.24388621187691667,85127
brits,blackout,NPHI,2,0.07661015722015617,0.09170374620628688,0.18936282341801924,0.4837972717078921,94015
gnn,single,all,2,6.155457801483536,15.159233525669134,0.7389044044679989,0.8711380069022817,3987
gnn,single,GR,2,22.64160830821655,29.180279494032593,0.3122142108487532,0.6327887001137191,1076
gnn,single,RHOB,2,0.0708009642920102,0.09584009386865831,0.5767993955172221,0.7628188724419869,1593
gnn,single,NPHI,2,0.05057191104452021,0.06476299757922489,0.5982892370790889,0.7764299321895156,1318
gnn,block,all,2,7.395836493174932,16.987937882263342,0.666854944104619,0.8415479831631945,45560
gnn,block,GR,2,24.204129558885633,30.821983100451906,0.18984771156366653,0.5694618238222887,13840
gnn,block,RHOB,2,0.07072375758646805,0.09921417626320737,0.5934130267120217,0.7740473603983344,17120
gnn,block,NPHI,2,0.051942931794001695,0.06802361752478302,0.5393657704008734,0.7414216308386629,14600
gnn,profile,all,2,6.618038060890122,15.538105813932264,0.7264187674368205,0.8734288255773273,205312
gnn,profile,GR,2,21.692519680127756,28.22781297071204,0.30941183472230727,0.6615659971796377,62208
gnn,profile,RHOB,2,0.0763804662656039,0.10502788192082217,0.5424269555509557,0.739729698568907,64000
gnn,profile,NPHI,2,0.055951864066123916,0.0720319268253284,0.491870024897194,0.70957707107228,79104
gnn,blackout,all,2,9.008474677900628,19.256976138273867,0.6451687625049729,0.8069814777062775,274864
gnn,blackout,GR,2,25.688071179709524,32.6313678243586,0.14215412324201881,0.43985639220997996,95722
gnn,blackout,RHOB,2,0.1078524167215016,0.14170495927915733,0.17158410738720886,0.42862648460499186,85127
gnn,blackout,NPHI,2,0.08520642157179016,0.10530308882175435,-0.06889386116396468,0.22918813504370344,94015
locf,single,all,2,0.7571275436492501,2.7522064384770117,0.9913938864444145,0.9956923993148961,3987
locf,single,GR,2,2.775092765744291,5.297705838625643,0.977330080212423,0.9886151696920304,1076
locf,single,RHOB,2,0.012805290814846923,0.02612411237550364,0.9685562087032172,0.9842476424227526,1593
locf,single,NPHI,2,0.009308704340403647,0.01568483749643198,0.9764375942258031,0.9881605178991729,1318
locf,block,all,2,4.095714811670073,11.347992174594554,0.8513413792475019,0.9235667149949458,45560
locf,block,GR,2,13.348009075870404,20.588924603302786,0.6384962276655299,0.8095063369869675,13840
locf,block,RHOB,2,0.0643706763668038,0.09924170914836447,0.5931873318334093,0.7972436724428564,17120
locf,block,NPHI,2,0.05221200207139889,0.07371511663011901,0.45905903332916254,0.7089894129316632,14600
locf,profile,all,2,8.778103064582002,18.92351946759388,0.5942168817672504,0.7713657137088428,205312
locf,profile,GR,2,28.732073000766366,34.37783332366875,-0.024287027012599438,-0.30612532230541106,62208
locf,profile,RHOB,2,0.1255241082664579,0.16201418276139973,-0.08882300139468824,-0.4015638920680571,64000
locf,profile,NPHI,2,0.08661453573437841,0.10334568679581928,-0.04594647923731365,-0.28847162294002054,79104
locf,blackout,all,2,5.850346899679191,14.580911624001704,0.7965699917526281,0.8960100205315451,274864
locf,blackout,GR,2,16.674860577485575,24.707616829562436,0.5081865223451572,0.7416099900109929,95722
locf,blackout,RHOB,2,0.07537498036589518,0.11947004608970496,0.41116124578822255,0.6888160948506515,85127
locf,blackout,NPHI,2,0.05831303602339204,0.08208885638139324,0.35043775706316005,0.67152921818338,94015
mean,single,all,2,8.039814643105872,18.506946933436794,0.610852165067022,0.7818233871309671,3987
mean,single,GR,2,29.504869241253594,35.624069546572215,-0.02508850516090777,-0.3181981798019976,1076
mean,single,RHOB,2,0.12036496651524355,0.15327210852293127,-0.082375821752106,-0.36407820405908153,1593
mean,single,NPHI,2,0.08783026313768172,0.1043208031301057,-0.0423208555089416,-0.25414543503295906,1318
mean,block,all,2,8.816333059923554,19.134950956310586,0.577324815663339,0.7610907745178018,45560
mean,block,GR,2,28.77330708007592,34.717088590729425,-0.027855590745560876,-0.33184696927262775,13840
mean,block,RHOB,2,0.12781711304995502,0.1621781444295264,-0.08640224000282437,-0.4192780733492971,17120
mean,block,NPHI,2,0.08639282509939719,0.10275949062459876,-0.051188604922226544,-0.2663283989394339,14600
mean,profile,all,2,8.778103064582002,18.92351946759388,0.5942168817672504,0.7713657137088428,205312
mean,profile,GR,2,28.732073000766366,34.37783332366875,-0.024287027012599438,-0.30612532230541106,62208
mean,profile,RHOB,2,0.1255241082664579,0.16201418276139973,-0.08882300139468824,-0.4015638920680571,64000
mean,profile,NPHI,2,0.08661453573437841,0.10334568679581928,-0.04594647923731365,-0.28847162294002054,79104
mean,blackout,all,2,10.34079516192827,21.05133849737072,0.5759616943307084,0.7589599093478913,274864
mean,blackout,GR,2,29.494945047821332,35.67195834772606,-0.025162272816260822,-0.3375922552774882,95722
mean,blackout,RHOB,2,0.12607114298816677,0.16205255397561485,-0.08340312185657939,-0.37909453587410646,85127
mean,blackout,NPHI,2,0.08791292167786734,0.10438285624122205,-0.0502935894422063,-0.3079151370394469,94015
mice,single,all,2,5.487845491297433,14.741135542967694,0.7531080452520365,0.8681145066755711,3987
mice,single,GR,2,20.173504388465314,28.375471207369745,0.34963004793042185,0.5947264246032661,1076
mice,single,RHOB,2,0.07251739277453521,0.09777232842756475,0.5595630622591111,0.7505789885955712,1593
mice,single,NPHI,2,0.04387636200633686,0.05563905647209263,0.7035038236779875,0.8393775882255696,1318
mice,block,all,2,6.055438251672299,15.331501979064553,0.7286552328704285,0.8552082689373446,45560
mice,block,GR,2,19.797189275351908,27.81660550268269,0.34013701116336226,0.5918399345262564,13840
mice,block,RHOB,2,0.07377116696160531,0.10016874937853272,0.5855515675777871,0.7654531970827547,17120
mice,block,NPHI,2,0.0431304655436184,0.055183613079661534,0.6968503838071072,0.8394754953463873,14600
mice,profile,all,2,5.485883233930419,13.503005548179429,0.7933901393716205,0.8913503229145667,205312
mice,profile,GR,2,17.968087572692806,24.53063658426625,0.4784663846056978,0.6955560159569724,62208
mice,profile,RHOB,2,0.07600380468182266,0.10239907499276082,0.5650460442961136,0.7518479751278684,64000
mice,profile,NPHI,2,0.04670589733782774,0.06232038605190322,0.6196485985525617,0.7898682406557936,79104
mice,blackout,all,2,10.758441275194851,22.805403801709105,0.502353224707561,0.722422244913104,274864
mice,blackout,GR,2,30.711638772000747,38.64440134026454,-0.2031281227269801,0.18098630160124593,95722
mice,blackout,RHOB,2,0.11669622372565384,0.1516213316660975,0.05158386016244265,0.2604277186637953,85127
mice,blackout,NPHI,2,0.078654647605258,0.09389362559925117,0.15018463226040146,0.4097439199172749,94015
rf,single,all,2,6.911886432154512,17.97515007003391,0.6328951611994353,0.8151866654744833,3987
rf,single,GR,2,25.440872067412478,34.60075602347723,0.03295768044115954,0.4319204877306029,1076
rf,single,RHOB,2,0.07520331014871448,0.10571795859104903,0.48506862402748185,0.7309169719466216,1593
rf,single,NPHI,2,0.04818967177337587,0.0642722615283593,0.6043540295664043,0.7876014159904311,1318
rf,block,all,2,7.367665295692885,17.976545776699467,0.6269521564425503,0.8141061422131115,45560
rf,block,GR,2,24.105596385939272,32.61565141934492,0.09281132296967243,0.4854526659618501,13840
rf,block,RHOB,2,0.07918962300102288,0.11149896238769161,0.48649148451992774,0.7317452884303487,17120
rf,block,NPHI,2,0.04751031127333927,0.06325487795000471,0.6016867046874715,0.7888494097189661,14600
rf,profile,all,2,7.1720047134352445,17.359656966273132,0.6585143717313404,0.8352954331138045,205312
rf,profile,GR,2,23.525821967242063,31.53706074307249,0.1380003327774939,0.522020685328662,62208
rf,profile,RHOB,2,0.07992752913199365,0.11163995374735465,0.483000035066915,0.7183280795890749,64000
rf,profile,NPHI,2,0.04916232961892043,0.06498253736330309,0.5864594688634077,0.7769163759531987,79104
rf,blackout,all,2,12.001669223545411,24.79139193335317,0.4119050042408626,0.7040433304036355,274864
rf,blackout,GR,2,34.271368655809546,42.00970950522369,-0.42179855211875084,0.07392884910667405,95722
rf,blackout,RHOB,2,0.12396067863122531,0.1668817608291677,-0.14893661426560523,0.15040990746949284,85127
rf,blackout,NPHI,2,0.08243852895117168,0.10107545081823693,0.015209759060388017,0.30146871170206235,94015
saits,single,all,2,0.518538317283144,1.489401518633349,0.9974796047999956,0.9987531006705662,3987
saits,single,GR,2,1.9031713496353546,2.8669243387562995,0.9933609373512999,0.9970156755715781,1076
saits,single,RHOB,2,0.008400087527187081,0.01685376061891394,0.9869128385277606,0.9936974663845632,1593
saits,single,NPHI,2,0.0047181785807624025,0.006654733602692809,0.9957584857211025,0.9981419960660483,1318
saits,block,all,2,5.364741577512868,12.73659587940106,0.8127340654126454,0.9035665159778739,45560
saits,block,GR,2,17.50044200792478,23.108331129964668,0.5446108580125426,0.7777056840102577,13840
saits,block,RHOB,2,0.08261931373554969,0.11381308951246856,0.4649548601319047,0.7268283276348357,17120
saits,block,NPHI,2,0.05459357744210387,0.06970203985860264,0.5163538500286622,0.77549385220639,14600
saits,profile,all,2,8.61559105124133,18.554037432615576,0.6099080309567058,0.7823926445000261,205312
saits,profile,GR,2,28.205719088422665,33.70663648670571,0.015319123178617167,0.15776547443953362,62208
saits,profile,RHOB,2,0.12227619768492877,0.15608131316395396,-0.010538905473422844,0.02873179795033204,64000
saits,profile,NPHI,2,0.08137616565568571,0.09660746552775153,0.08600014218552632,0.38259071728041116,79104
saits,blackout,all,2,8.449499091211543,17.864833848790884,0.6946178670023897,0.8353675815233774,274864
saits,blackout,GR,2,24.106752065258178,30.272389215693753,0.26170129298065636,0.5600164219580889,95722
saits,blackout,RHOB,2,0.10262086810383637,0.1337028102936835,0.2625044667633136,0.5685524204581867,85127
saits,blackout,NPHI,2,0.06574259827740933,0.08200503671255802,0.35176359585434347,0.620934879043738,94015
stgnn,single,all,2,5.0261957585715376,12.13831175217031,0.8325976177372729,0.9212596883721854,3987
stgnn,single,GR,2,18.46648383348294,23.36515397093093,0.559027407181012,0.7840848114559319,1076
stgnn,single,RHOB,2,0.06659453250444392,0.08993091487302562,0.6273768424779094,0.7944064564824442,1593
stgnn,single,NPHI,2,0.048118963822078,0.06178492647225015,0.6343844553256233,0.7993125530187115,1318
stgnn,block,all,2,7.253043722189521,17.222160974326584,0.6576050644379835,0.8302661856975123,45560
stgnn,block,GR,2,23.729403815549432,31.246937589561405,0.16735394819855487,0.5369540464302238,13840
stgnn,block,RHOB,2,0.07566606212302904,0.10381379896752926,0.5548399668986073,0.7493731973012574,17120
stgnn,block,NPHI,2,0.05056987617836954,0.0663221470267933,0.5621212064051764,0.7546200370717128,14600
stgnn,profile,all,2,6.491079973669588,15.112439457810103,0.7412029624739604,0.8729589055594643,205312
stgnn,profile,GR,2,21.269023389119376,27.454479691912915,0.3467324226819628,0.6576088492239428,62208
stgnn,profile,RHOB,2,0.08194794970937073,0.11038258796484049,0.4945800714915508,0.7065332011029618,64000
stgnn,profile,NPHI,2,0.054972388024783665,0.06995292550385891,0.5207782568238004,0.7255711646494194,79104
stgnn,blackout,all,2,9.100514671363836,20.30662745538877,0.6054325418867537,0.7862121003386923,274864
stgnn,blackout,GR,2,25.949436390665447,34.41003826002999,0.046086441294634684,0.44394797290723964,95722
stgnn,blackout,RHOB,2,0.11197454528117819,0.1488797598492394,0.08557173447038924,0.380931847811082,85127
stgnn,blackout,NPHI,2,0.08445309074424226,0.10746002520978792,-0.11313089888944106,0.26536657310666867,94015
unet,single,all,2,3.492165919216707,8.895031502801706,0.9101040678120147,0.9544497625524501,3987
unet,single,GR,2,12.81409026255838,17.1220669705531,0.7631972800536246,0.8804174620826493,1076
unet,single,RHOB,2,0.05634775344336175,0.07455816448441113,0.7438807425228899,0.8785384966965963,1593
unet,single,NPHI,2,0.034554192844399555,0.04908070703910946,0.7692821454509966,0.8962645952863026,1318
unet,block,all,2,5.734314249086016,14.21218803851942,0.7668293229939398,0.8792139789952214,45560
unet,block,GR,2,18.741464938455923,25.785737026091848,0.4329718686874021,0.6757128468106,13840
unet,block,RHOB,2,0.07278641526387117,0.09881369837241541,0.596688777615701,0.7847815031935645,17120
unet,block,NPHI,2,0.042971165124071786,0.06056762874001829,0.634810820497808,0.8139930613599669,14600
unet,profile,all,2,5.930709814637813,13.92870497538802,0.78015751125259,0.88556615705583,205312
unet,profile,GR,2,19.433520729711027,25.303999357871387,0.44506386542307763,0.6754117638608196,62208
unet,profile,RHOB,2,0.0796540952976793,0.10629761119581613,0.5312964666285329,0.7356497196836531,64000
unet,profile,NPHI,2,0.04585828542177005,0.06235639550682184,0.6192089285043447,0.7966024903923367,79104
unet,blackout,all,2,9.542970065421494,20.33181758630833,0.6044530222021627,0.7809680136370903,274864
unet,blackout,GR,2,27.234381201861982,34.452788420041685,0.043714732843940785,0.31591452021848965,95722
unet,blackout,RHOB,2,0.1089503436747464,0.14473833838065805,0.13573786162715584,0.40182190790650724,85127
unet,blackout,NPHI,2,0.07248705793097825,0.0904044870493167,0.2121703258287918,0.5023233703819868,94015
xgb,single,all,2,6.227229468193226,16.115447991961165,0.7049267602337936,0.847313841661107,3987
xgb,single,GR,2,22.917422968215657,31.02095130107481,0.22270741008837702,0.5248261191403449,1076
xgb,single,RHOB,2,0.06931767079041427,0.09944759090748342,0.5443405806763061,0.7570247857893869,1593
xgb,single,NPHI,2,0.04430479993718663,0.05860214763903676,0.6710827517600282,0.8221030230441562,1318
xgb,block,all,2,6.671812869234974,16.189537948405032,0.697433422976426,0.8427336693195702,45560
xgb,block,GR,2,21.828196554721437,29.373394157553793,0.2642101827470664,0.5567328875515212,13840
xgb,block,RHOB,2,0.07212081285559128,0.10202209802409505,0.5700732192599345,0.7674582912631336,17120
xgb,block,NPHI,2,0.04320860882965873,0.05800519379971539,0.6650572952342877,0.8218298737688166,14600
xgb,profile,all,2,6.356423393025523,15.45815019587931,0.7292270989702562,0.8630123520287527,205312
xgb,profile,GR,2,20.845998929606544,28.082598360112282,0.3164988551294713,0.6001404294342743,62208
xgb,profile,RHOB,2,0.07301649553328753,0.10314641968606673,0.5586739802114643,0.7539522268386019,64000
xgb,profile,NPHI,2,0.04537118908982962,0.06016838337107869,0.645463105256874,0.8070431465034267,79104
xgb,blackout,all,2,20.892704048672623,42.07245982294198,-0.6937194315354331,0.6859852875382892,274864
xgb,blackout,GR,2,59.52672602147445,71.2922903441241,-3.09471656151252,0.022467070445475,95722
xgb,blackout,RHOB,2,0.3540482261764636,0.4283914534531132,-6.57111632018804,0.05150752158366017,85127
xgb,blackout,NPHI,2,0.1541868218587544,0.18355060949525606,-2.2476111513256205,0.21687667730570576,94015
ae,single,all,3,5.54845809633252,13.281268103517311,0.8240505647997939,0.9082183721711865,3975
ae,single,GR,3,16.17640336143116,22.76423360336511,0.6048590703400034,0.7802615411997477,1353
ae,single,RHOB,3,0.07771323756109534,0.10438430487029193,0.4748438254284475,0.7102130512294847,1293
ae,single,NPHI,3,0.051139178885563234,0.06640544237158293,0.5804037671183886,0.7741083515988973,1329
ae,block,all,3,4.751439877034114,12.28752527248181,0.8224761657377204,0.9071841601259704,48760
ae,block,GR,3,16.364526038095036,22.914700044424624,0.59717139988462,0.7737539278592401,14020
ae,block,RHOB,3,0.07722777164652761,0.1065444665124502,0.4636297530694108,0.7062888181870244,16360
ae,block,NPHI,3,0.0536510884632094,0.06939999931070186,0.5109078420303399,0.732222334673825,18380
ae,profile,all,3,8.42855023189343,19.457448438815092,0.6312631560796738,0.7985968656225696,205312
ae,profile,GR,3,25.652688700819517,34.04229082448833,0.045966938792123546,0.42449274891520034,67072
ae,profile,RHOB,3,0.08417366828465045,0.11475473478605883,0.325442937088957,0.6133100235956945,65792
ae,profile,NPHI,3,0.06028344033449697,0.07791760335958897,0.45630656307566475,0.7003974882755871,72448
ae,blackout,all,3,6.252426917107544,14.554004124583933,0.7766739222048955,0.8821794978515048,284942
ae,blackout,GR,3,19.30623399232201,25.68348244403453,0.4753691460007201,0.6961275918276237,91495
ae,blackout,RHOB,3,0.09354656770100454,0.12954312466843607,0.32975150483354976,0.6004223534595589,98727
ae,blackout,NPHI,3,0.06249556057367511,0.0799171530894315,0.38485479358547336,0.6386342747164998,94720
brits,single,all,3,0.516268645037645,1.554050616658862,0.9975909871883284,0.9988648262602453,3975
brits,single,GR,3,1.5073526076537453,2.663667314491836,0.9945898922700389,0.9975438739041032,1353
brits,single,RHOB,3,0.005729871301437106,0.010689848387143399,0.9944924156066358,0.9973740817127326,1293
brits,single,NPHI,3,0.003996284632327594,0.0070742054855974295,0.9952381076477413,0.9976480226575576,1329
brits,block,all,3,7.767685426495835,17.79035097673918,0.6278681400535687,0.8044714941723619,48760
brits,block,GR,3,26.821031243518824,33.1769780743705,0.15556622543976162,0.494045457075689,14020
brits,block,RHOB,3,0.10273628820708446,0.13672312888069868,0.11674346799163982,0.34836006404651965,16360
brits,block,NPHI,3,0.05662228981148496,0.06892943489471409,0.5175179027752909,0.8099417388250527,18380
brits,profile,all,3,10.000054086985896,20.51552960272926,0.5900695088286536,0.7770014270634742,205312
brits,profile,GR,3,30.40847167847607,35.89334470974153,-0.06060514492097124,-0.0047182377522940735,67072
brits,profile,RHOB,3,0.12348182429106551,0.15392053737918496,-0.21358614205987903,-0.38870118742218585,65792
brits,profile,NPHI,3,0.07522603943164448,0.0884524175728486,0.2993480516433751,0.7533519778237777,72448
brits,blackout,all,3,9.141627367574262,19.393320285429414,0.6034674970977917,0.7798406221091723,284942
brits,blackout,GR,3,28.26201325098708,34.223557613369174,0.0684711375388325,0.2906474151244119,91495
brits,blackout,RHOB,3,0.1170469580905375,0.15621194032184024,0.025379449291404566,0.2072853513893115,98727
brits,blackout,NPHI,3,0.07859995714609033,0.09379112001043201,0.15273146340528698,0.4368231997765225,94720
gnn,single,all,3,8.067380635889785,17.862516981292153,0.6817311763101804,0.8365199145957615,3975
gnn,single,GR,3,23.576522423184347,30.61674140937706,0.28523400573511026,0.6104289284416685,1353
gnn,single,RHOB,3,0.07361941022275495,0.09853383534361868,0.5320614289520147,0.7330652771121675,1293
gnn,single,NPHI,3,0.05538998621178159,0.07284397161828177,0.4950929147615456,0.7222007623014672,1329
gnn,block,all,3,6.4956206129607805,15.666955793316804,0.7113995145298602,0.8550026023716198,48760
gnn,block,GR,3,22.430542249136476,29.217138657704584,0.345111586186195,0.642841547687696,14020
gnn,block,RHOB,3,0.07059831603232106,0.09774080869996012,0.5486070864167614,0.7453229415139028,16360
gnn,block,NPHI,3,0.05959033214284565,0.07631782924168781,0.4085421706630811,0.6639305296526151,18380
gnn,profile,all,3,7.886504531496277,17.359442805032945,0.7064944484264741,0.8526447629561931,205312
gnn,profile,GR,3,24.011918287064226,30.37169096939644,0.24061185233118165,0.6076644822227296,67072
gnn,profile,RHOB,3,0.06476234375038964,0.08889767760973528,0.5951834142621759,0.7733314278138705,65792
gnn,profile,NPHI,3,0.06081314736867848,0.07738339921792327,0.463736145911248,0.6939875350939706,72448
gnn,blackout,all,3,8.324291034897803,18.397499574309734,0.6431447796028988,0.8097327979826701,284942
gnn,blackout,GR,3,25.715653649504006,32.46615943515558,0.1616838305651983,0.47457177105630344,91495
gnn,blackout,RHOB,3,0.1087856139231797,0.14753173466194483,0.13068332825727347,0.4095700111768924,98727
gnn,blackout,NPHI,3,0.08811579496079643,0.11040431439872127,-0.17400440214781687,0.15080857214243348,94720
locf,single,all,3,0.8243021075516858,2.5848175756120426,0.9933354844484427,0.9966786729097727,3975
locf,single,GR,3,2.4022311503501266,4.430399045550771,0.9850331074870599,0.9925304281157523,1353
locf,single,RHOB,3,0.011972295435841288,0.021703971197192726,0.9772963084416304,0.9886284534997727,1293
locf,single,NPHI,3,0.008203124977943283,0.012658617139961846,0.9847525660137578,0.9924015752970408,1329
locf,block,all,3,3.6589368198882526,10.767733539759005,0.8636747128697416,0.932403327743519,48760
locf,block,GR,3,12.574586809922897,20.080308140092683,0.6906624157102919,0.8451178687882005,14020
locf,block,RHOB,3,0.07131995931814236,0.11077687745028135,0.42016941593342705,0.7038337556917863,16360
locf,block,NPHI,3,0.05153741720279474,0.07580741056718675,0.4164271325494424,0.6924535777172052,18380
locf,profile,all,3,9.696462784088991,20.22967871742289,0.601413368405177,0.7762690689965335,205312
locf,profile,GR,3,29.465473724770863,35.393181692113316,-0.03125265823627599,-0.36724959859712664,67072
locf,profile,RHOB,3,0.11929481279771731,0.1480212694399929,-0.12234329290507984,-0.38710592778892355,65792
locf,profile,NPHI,3,0.09169706735120718,0.1082199009435915,-0.048810878171512195,-0.3175890005923334,72448
locf,blackout,all,3,5.41147493418025,14.132050481204038,0.7894356657584021,0.8932267765759618,284942
locf,blackout,GR,3,16.701968582487282,24.938826228095774,0.5053499845375814,0.7429712949533541,91495
locf,blackout,RHOB,3,0.08128978287398363,0.12772891508642767,0.34839327533700337,0.6591612091545516,98727
locf,blackout,NPHI,3,0.06106818883778721,0.0844569954603578,0.312980775406277,0.6466248495070429,94720
mean,single,all,3,10.388426691728569,21.403230182405345,0.5430513127704526,0.737680179264124,3975
mean,single,GR,3,30.32114555178443,36.68543892765886,-0.026203258330868895,-0.3463725070778274,1353
mean,single,RHOB,3,0.11784967072509742,0.1512168098342678,-0.10209292030583561,-0.40742726072488133,1293
mean,single,NPHI,3,0.08811628578568509,0.10492797314424832,-0.04762728227045465,-0.2915647083458602,1329
mean,block,all,3,8.630118451847055,19.62192611285668,0.5472993757530984,0.7424544434687589,48760
mean,block,GR,3,29.76611950380486,36.59257094414359,-0.027253881155120396,-0.2767974077479299,14020
mean,block,RHOB,3,0.11685782430515895,0.1514948039842465,-0.0844220902548245,-0.37081724754488204,16360
mean,block,NPHI,3,0.08551611877507627,0.10198360222561095,-0.056166681770332794,-0.3272650085979439,18380
mean,profile,all,3,9.696462784088991,20.22967871742289,0.601413368405177,0.7762690689965335,205312
mean,profile,GR,3,29.465473724770863,35.393181692113316,-0.03125265823627599,-0.36724959859712664,67072
mean,profile,RHOB,3,0.11929481279771731,0.1480212694399929,-0.12234329290507984,-0.38710592778892355,65792
mean,profile,NPHI,3,0.09169706735120718,0.1082199009435915,-0.048810878171512195,-0.3175890005923334,72448
mean,blackout,all,3,9.59810745252747,20.33807506515304,0.5638919099661717,0.7514752787647004,284942
mean,blackout,GR,3,29.661252502790795,35.89075274745594,-0.02449806582234748,-0.31943882909975657,91495
mean,blackout,RHOB,3,0.12860256209683502,0.16460040614290772,-0.08210378442081745,-0.4010096653717374,98727
mean,blackout,NPHI,3,0.08816607735541372,0.10445750162605807,-0.05093753568548598,-0.30063811745271124,94720
mice,single,all,3,7.142943453162955,17.750654560529817,0.6857049548013983,0.8282704833432273,3975
mice,single,GR,3,20.870463878422953,30.425038106219525,0.29415683806107007,0.5472370453454092,1353
mice,single,RHOB,3,0.07636743346020314,0.09904059801493494,0.5272358054935887,0.7271314367114415,1293
mice,single,NPHI,3,0.04267833510342287,0.05554215405334981,0.7064583916284148,0.8430958536204917,1329
mice,block,all,3,6.11027008037281,15.77604898865787,0.707366316693922,0.8411765371320282,48760
mice,block,GR,3,21.105051124293606,29.420624157984456,0.33595775699088204,0.5800339908332889,14020
mice,block,RHOB,3,0.07491756370131719,0.10253158777366318,0.5032724518546181,0.7211302025499547,16360
mice,block,NPHI,3,0.04452127389707607,0.05857259769164296,0.6516139650727693,0.8075902116129486,18380
mice,profile,all,3,6.749787299444964,16.395921378775824,0.7381718049289907,0.8593757816018612,205312
mice,profile,GR,3,20.54239073638735,28.68593966564454,0.3225706150334444,0.5758528363833971,67072
mice,profile,RHOB,3,0.07227558601314224,0.09491028377630471,0.5385719298132545,0.7377370379096513,65792
mice,profile,NPHI,3,0.044693341399286914,0.05783116126842896,0.7004931598006259,0.8395434591408286,72448
mice,blackout,all,3,9.886410906015595,21.371841940712876,0.5184311816512622,0.7365943770756176,284942
mice,blackout,GR,3,30.573586219208746,37.71515673809101,-0.13130014454744865,0.21978986333443462,91495
mice,blackout,RHOB,3,0.12230420650414289,0.15821826333928507,0.0001834130972098169,0.19583058334405795,98727
mice,blackout,NPHI,3,0.08075061085153327,0.09633238238920891,0.10619611729544909,0.3400712837950385,94720
rf,single,all,3,8.538490017834324,20.1946212596871,0.5932006832135057,0.7862251267985498,3975
rf,single,GR,3,24.957609504747637,34.614046786695944,0.08641133464164541,0.43843645148331767,1353
rf,single,RHOB,3,0.08327247786687864,0.11399127807460817,0.3737304226685224,0.6853816257470964,1293
rf,single,NPHI,3,0.049045031667428414,0.06507474979436902,0.5970517759120235,0.7838321516867127,1329
rf,block,all,3,7.306083868347115,18.200292465535824,0.6105205437790486,0.7984531669938623,48760
rf,block,GR,3,25.258876524196033,33.94163086749289,0.11619316531331092,0.4608890699170696,14020
rf,block,RHOB,3,0.07556636087906099,0.10714242232530104,0.45759235448083746,0.714715747738347,16360
rf,block,NPHI,3,0.04782017885720984,0.06289911627226338,0.5982454032267626,0.7824634652539988,18380
rf,profile,all,3,8.30632107190466,19.157687149175736,0.6425371519202718,0.8175649952541778,205312
rf,profile,GR,3,25.297848782708286,33.51788349150202,0.0751335106987,0.4540788238620415,67072
rf,profile,RHOB,3,0.07707479778053927,0.10694537684195596,0.41412968049209065,0.6968593103371397,65792
rf,profile,NPHI,3,0.04885122108964075,0.06417418568960492,0.6311891812788887,0.7989622680704679,72448
rf,blackout,all,3,11.351485043655902,24.113064548760196,0.3869734716861397,0.7012335983417664,284942
rf,blackout,GR,3,35.12442263263882,42.5526621057402,-0.4401226418251907,0.07776260372435338,91495
rf,blackout,RHOB,3,0.13010329648963886,0.17363976887478094,-0.2042190941730484,0.10468166133047516,98727
rf,blackout,NPHI,3,0.08404871604284996,0.10333868182445123,-0.028545408823002827,0.23322466764419858,94720
saits,single,all,3,0.711828978790802,3.1348077408838093,0.9901976408489818,0.9951061262182646,3975
saits,single,GR,3,2.078958939906851,5.373145801699329,0.9779857851410465,0.9892082801546696,1353
saits,single,RHOB,3,0.00806606157012255,0.015020853231970662,0.9891255506561734,0.9948760355474904,1293
saits,single,NPHI,3,0.0047098023997741685,0.006698915811024421,0.9957299469390928,0.9981830515370076,1329
saits,block,all,3,5.253421161859507,13.534865386755909,0.7846049577737838,0.8868519698188854,48760
saits,block,GR,3,18.107745916391064,25.240904852268027,0.5112331044475914,0.7465385856843937,14020
saits,block,RHOB,3,0.07988516341503209,0.10981489234711889,0.43019617391980247,0.7121333522092315,16360
saits,block,NPHI,3,0.053280567518872196,0.06800709643006948,0.5303436126152181,0.7894460310780149,18380
saits,profile,all,3,9.33562940168656,19.51320382894654,0.629146894772971,0.7932619662606746,205312
saits,profile,GR,3,28.36879317465288,34.139668448556314,0.04050112891946578,0.238798909247824,67072
saits,profile,RHOB,3,0.11733106126218802,0.14354102698270946,-0.055430316842078,0.07060789913230386,65792
saits,profile,NPHI,3,0.08620807649888586,0.1010538619512604,0.08548938672367967,0.3825315443763411,72448
saits,blackout,all,3,7.9611306385619836,17.473929801090787,0.678074317851897,0.8238407264311216,284942
saits,blackout,GR,3,24.607487491607873,30.83640175794513,0.24373604872334897,0.5342013463900129,91495
saits,blackout,RHOB,3,0.10712562410734879,0.13912384439509334,0.2269452537820995,0.5183090471663689,98727
saits,blackout,NPHI,3,0.06780222632200142,0.0841824080561012,0.31744080051924395,0.5907645515791313,94720
stgnn,single,all,3,6.070879571252274,14.088955930297208,0.8019994434464983,0.9002511804051224,3975
stgnn,single,GR,3,17.730829407028022,24.148754169696737,0.5553324772209103,0.7642125578914123,1353
stgnn,single,RHOB,3,0.06100384034763817,0.07990891834476781,0.6922425510960836,0.8344853496059247,1293
stgnn,single,NPHI,3,0.04744630733587582,0.06352903082811731,0.6159668699108697,0.8009184643344457,1329
stgnn,block,all,3,6.060556779541461,15.38288321332945,0.7217704155559075,0.8592557810378547,48760
stgnn,block,GR,3,20.920619119226817,28.687361606844952,0.36864567581051433,0.6475445849622489,14020
stgnn,block,RHOB,3,0.07300946428315272,0.1015475030688246,0.5127617452244138,0.7293516224595311,16360
stgnn,block,NPHI,3,0.05501815469038701,0.07217225214127113,0.4710528486301596,0.7067943886838096,18380
stgnn,profile,all,3,7.053070990401496,16.099279898430193,0.7475602975386477,0.8702589240194932,205312
stgnn,profile,GR,3,21.46489957823854,28.166904553578618,0.3468632600830258,0.6387080345942862,67072
stgnn,profile,RHOB,3,0.06655905410966288,0.09347186997559491,0.5524523005411193,0.7514833832648737,65792
stgnn,profile,NPHI,3,0.05531296076790902,0.07174356019227067,0.539055361842323,0.7454398567009608,72448
stgnn,blackout,all,3,7.86799120119587,17.953659676609483,0.6601553570194749,0.8177573310165334,284942
stgnn,blackout,GR,3,24.29491543118774,31.682852021361974,0.2016477628167671,0.5053511143327177,91495
stgnn,blackout,RHOB,3,0.11168327676950095,0.15483976549610054,0.042426495787366236,0.34919662525022765,98727
stgnn,blackout,NPHI,3,0.08479419984172809,0.1093287182609055,-0.15124073540956617,0.25916865482406176,94720
unet,single,all,3,4.205564633433549,10.589857267977903,0.8881363455873478,0.9437293422192987,3975
unet,single,GR,3,12.266758781314689,18.151164195710706,0.7487795895088212,0.8734761211138199,1353
unet,single,RHOB,3,0.05953564684426056,0.07906786662538283,0.6986868322846869,0.8859399677702131,1293
unet,single,NPHI,3,0.03251707705790338,0.045694140243064306,0.8013240708888627,0.908695157538415,1329
unet,block,all,3,5.109572517428275,13.976778188808389,0.7703100637249151,0.8786704805023503,48760
unet,block,GR,3,17.6385317122205,26.065155072550194,0.4787902035639965,0.6999365464099194,14020
unet,block,RHOB,3,0.06523562593244399,0.09345841598137497,0.5872950169662701,0.7790795286579323,16360
unet,block,NPHI,3,0.04261624070818782,0.056633899186633266,0.6742947987418406,0.8321968585971254,18380
unet,profile,all,3,6.271901727692724,15.411513722384294,0.768668191929402,0.8772961153035918,205312
unet,profile,GR,3,19.086781612647172,26.96362996487392,0.401474598236217,0.6529332986667722,67072
unet,profile,RHOB,3,0.06695414730981862,0.09069206908883164,0.5786761082274108,0.7694838622082033,65792
unet,profile,NPHI,3,0.04283105030877173,0.05752655431932477,0.7036399614782596,0.8435647499712469,72448
unet,blackout,all,3,8.484405753646941,20.58882416123103,0.5530720243515115,0.765486351444904,284942
unet,blackout,GR,3,26.231925998835546,36.33337579129588,-0.04992314649114116,0.3663895351082827,91495
unet,blackout,RHOB,3,0.108963622585334,0.14822555423989583,0.12248757041492098,0.4012258898582568,98727
unet,blackout,NPHI,3,0.07090185203996953,0.09220028529280687,0.18122954142912628,0.4699583516735858,94720
xgb,single,all,3,7.867360646167548,18.651734231731048,0.6529858159060002,0.8129605245823824,3975
xgb,single,GR,3,22.99906528004874,31.969511749877903,0.22067616809205925,0.5018144176337735,1353
xgb,single,RHOB,3,0.07426238078436737,0.10293166257352944,0.48935857366694957,0.7252737299002403,1293
xgb,single,NPHI,3,0.04439577596378425,0.05922317093359537,0.6662605502643695,0.8205560276866257,1329
xgb,block,all,3,6.62522517985997,16.469860885192443,0.6810609597407211,0.8300474822909643,48760
xgb,block,GR,3,22.90490227038102,30.714550396058232,0.2762638452346948,0.5453054188716757,14020
xgb,block,RHOB,3,0.06846647221039444,0.0986122134268236,0.5405224520732461,0.7504860826664929,16360
xgb,block,NPHI,3,0.04347869716366799,0.05751370363800984,0.6640965707322548,0.8171036346155135,18380
xgb,profile,all,3,7.541510152755102,17.416267620385145,0.7045697672376365,0.8439418651666384,205312
xgb,profile,GR,3,22.96856777499366,30.471132618451747,0.2356310013551436,0.522959634379046,67072
xgb,profile,RHOB,3,0.06916642146445956,0.09673863944238609,0.5206227531448205,0.7411184748805602,65792
xgb,profile,NPHI,3,0.045055177190413354,0.05914814831216163,0.6866965152567723,0.8295240805677788,72448
xgb,blackout,all,3,20.12508557259721,42.00050311502761,-0.8598736296286067,0.6747109628525084,284942
xgb,blackout,GR,3,62.12651692928854,74.11818667192998,-3.3691361670806783,0.016111874448519848,91495
xgb,blackout,RHOB,3,0.35137492570007023,0.4257699339766375,-6.240308833778557,0.042439940916687485,98727
xgb,blackout,NPHI,3,0.16391759387825497,0.19328073755691683,-2.598112876418457,0.1718210120393365,94720
ae,single,all,4,5.519289024513385,13.061459671813918,0.8401443710122848,0.9170746932513436,3998
ae,single,GR,4,16.42784021067065,22.619949943735886,0.6001047651728069,0.7826396787545185,1333
ae,single,RHOB,4,0.07462240372907687,0.10429811009089451,0.500857820948807,0.7382472513362807,1141
ae,single,NPHI,4,0.054240391421036455,0.0709566452937461,0.5349814634546439,0.7557383196531162,1524
ae,block,all,4,6.902256124848802,14.717640278660927,0.8112808273981544,0.9037007302562061,48040
ae,block,GR,4,17.01301377387977,23.17171199226842,0.5710028788250381,0.7711497677695266,19380
ae,block,RHOB,4,0.0756699111626066,0.10293241739558767,0.5479149233785447,0.7614734606424082,14500
ae,block,NPHI,4,0.05472906695542026,0.07051077210794543,0.5055665393010561,0.7328459046233913,14160
ae,profile,all,4,8.832313225359497,20.337592991126957,0.604089480481987,0.7826760650405462,205312
ae,profile,GR,4,24.452137189891396,33.938013685005096,0.1074909376558062,0.4603161308498017,73728
ae,profile,RHOB,4,0.0910211468052599,0.12398861164278693,0.37096519391418836,0.639434682495578,83456
ae,profile,NPHI,4,0.061844692505745,0.08016172958172747,0.37456418788039514,0.6845083848599912,48128
ae,blackout,all,4,6.66594574204347,15.140759578947156,0.7739362465631479,0.8806135777807627,268456
ae,blackout,GR,4,19.33432719418729,25.88368838883357,0.4671629157811745,0.6923691695107909,91855
ae,blackout,RHOB,4,0.08997313176694365,0.1211851575045062,0.3997176718988231,0.660361988805582,86581
ae,blackout,NPHI,4,0.06408067076688169,0.08266736416183745,0.3429311767088926,0.6307686865956832,90020
brits,single,all,4,0.5793374679207414,1.8471916037177067,0.9968028103551744,0.9984445523027027,3998
brits,single,GR,4,1.7279620202787818,3.199005549112592,0.9920017875292874,0.9961928461996006,1333
brits,single,RHOB,4,0.005236282565946855,0.009136516676493964,0.9961697008401972,0.9983292154820029,1141
brits,single,NPHI,4,0.004490305320054214,0.008509098825160284,0.9933126931565389,0.9967077104341798,1524
brits,block,all,4,11.04245473081564,20.902594538754034,0.6193375410307053,0.795089297151394,48040
brits,block,GR,4,27.254626257673014,32.90951317476962,0.13467141596054932,0.43672790819179663,19380
brits,block,RHOB,4,0.10175974332053087,0.1330270785548626,0.2449148428036989,0.5317213088913398,14500
brits,block,NPHI,4,0.05715763534834914,0.06896973940076506,0.5269423355398871,0.8183269022769742,14160
brits,profile,all,4,11.340551679682562,22.391795824038677,0.5200723310410422,0.7422290409426813,205312
brits,profile,GR,4,31.382441620316563,37.36578318529413,-0.08190212198246605,0.022506093731203658,73728
brits,profile,RHOB,4,0.1327818097586692,0.16905151399220714,-0.16936263291047182,-0.369442459176357,83456
brits,profile,NPHI,4,0.07283186421765539,0.0856694287734303,0.2856676322480738,0.7020004409086508,48128
brits,blackout,all,4,9.796072296352287,20.138318718922626,0.6000718010452375,0.7769846838879969,268456
brits,blackout,GR,4,28.446234166554028,34.427289981940845,0.057355814875252986,0.2599526300265112,91855
brits,blackout,RHOB,4,0.11544198734379364,0.15225534976154131,0.052450694817907095,0.2534203970773361,86581
brits,blackout,NPHI,4,0.07654368267625312,0.09218468934085207,0.18292810302050355,0.47955394845043087,90020
gnn,single,all,4,7.795330073051508,16.540257935836124,0.7436525145962365,0.8661140101951872,3998
gnn,single,GR,4,23.246521867414838,28.6447066691511,0.3587140742129583,0.6514065356806614,1333
gnn,single,RHOB,4,0.07261926494702031,0.10013524655694542,0.5399073073668662,0.7354907976616736,1141
gnn,single,NPHI,4,0.06250485662165284,0.08022569499691183,0.405555802751673,0.6584548503559317,1524
gnn,block,all,4,9.320902407178577,18.195345608800213,0.7115568203978193,0.8575103452419693,48040
gnn,block,GR,4,23.005660513284333,28.64717396129012,0.34430525250993194,0.6671653724292534,19380
gnn,block,RHOB,4,0.07419572574516822,0.09963637021222561,0.576404223162682,0.76007219526752,14500
gnn,block,NPHI,4,0.06007153037454542,0.07784253217373427,0.39739764729752347,0.6583085735845765,14160
gnn,profile,all,4,8.155770458977589,17.355111962381994,0.7116945996307729,0.85355990881898,205312
gnn,profile,GR,4,22.58636308338982,28.96105312089679,0.35006714147751306,0.6512687648908776,73728
gnn,profile,RHOB,4,0.07579571744598494,0.10061275663084908,0.5857932433455046,0.7664935321180731,83456
gnn,profile,NPHI,4,0.06035072444876067,0.0785690780509128,0.3991695961976687,0.6634054352146743,48128
gnn,blackout,all,4,8.935078288139998,19.468190616986664,0.6262451928339092,0.7974016789479753,268456
gnn,blackout,GR,4,25.926402714344498,33.281631388099086,0.11904985763768605,0.4489807070191791,91855
gnn,blackout,RHOB,4,0.10694998378883416,0.1423106763515755,0.17218810926582406,0.45299250618663633,86581
gnn,blackout,NPHI,4,0.08826726336788193,0.11172280093008229,-0.2001245241883034,0.16283814968848612,90020
locf,single,all,4,0.9644197095338389,3.149807062879938,0.9907036511822603,0.9953577613988587,3998
locf,single,GR,4,2.8712524462712055,5.454879804698188,0.9767440909021635,0.9883664230328434,1333
locf,single,RHOB,4,0.011956539935547463,0.02012226274439345,0.9814208849698011,0.9907249580353739,1141
locf,single,NPHI,4,0.009664091712803143,0.01750940694822433,0.9716843204362415,0.9858261634204437,1524
locf,block,all,4,5.5317163973883865,13.567783862061704,0.8396173115676938,0.9207887949789487,48040
locf,block,GR,4,13.629720546438968,21.361351988437313,0.6354176779650301,0.822610900133144,19380
locf,block,RHOB,4,0.058193089164536575,0.08979013863644793,0.6559883814544334,0.8279498132086667,14500
locf,block,NPHI,4,0.05338077314019119,0.0743630884904615,0.45006450593357405,0.7168185522055416,14160
locf,profile,all,4,10.764869324837845,21.773378926039044,0.5462155607608452,0.7393033690072947,205312
locf,profile,GR,4,29.774782842982354,36.333788572280014,-0.022965914162154544,-0.3188400094411483,73728
locf,profile,RHOB,4,0.12797843290355765,0.16263226135362846,-0.0822422493074575,-0.41353896686543784,83456
locf,profile,NPHI,4,0.08812112028975574,0.1040199593018263,-0.053129906863592424,-0.26506155593957487,48128
locf,blackout,all,4,5.798357698504126,14.874006116872978,0.7818317645926465,0.8897875469317432,268456
locf,blackout,GR,4,16.813070220359624,25.4276483223994,0.4857734331440401,0.7430119948583311,91855
locf,blackout,RHOB,4,0.07817975493699292,0.12032408517599541,0.4082178902901267,0.7097445867223876,86581
locf,blackout,NPHI,4,0.06076947185392968,0.08419334250671409,0.31844927615563534,0.668889704265475,90020
mean,single,all,4,9.94959581332312,20.945330730268402,0.588927001747542,0.7681982086172836,3998
mean,single,GR,4,29.63644049029912,36.27338349621262,-0.028345578052814124,-0.3415894388699364,1333
mean,single,RHOB,4,0.11874454445634151,0.15355176694133066,-0.08188482515657891,-0.3351198631185794,1141
mean,single,NPHI,4,0.09030273154358381,0.10660680914630641,-0.049672948823550556,-0.3238016372668097,1524
mean,block,all,4,11.89221573708506,22.70760558892012,0.5507559429731663,0.7421667617655914,48040
mean,block,GR,4,29.323636245137028,35.751266150979944,-0.021223942903968673,-0.297446862608091,19380
mean,block,RHOB,4,0.12297887281713815,0.15928422455882718,-0.08258338514369479,-0.3666425221400799,14500
mean,block,NPHI,4,0.08663700020919411,0.10246098512735827,-0.044032378326811505,-0.24066200324088569,14160
mean,profile,all,4,10.764869324837845,21.773378926039044,0.5462155607608452,0.7393033690072947,205312
mean,profile,GR,4,29.774782842982354,36.333788572280014,-0.022965914162154544,-0.3188400094411483,73728
mean,profile,RHOB,4,0.12797843290355765,0.16263226135362846,-0.0822422493074575,-0.41353896686543784,83456
mean,profile,NPHI,4,0.08812112028975574,0.1040199593018263,-0.053129906863592424,-0.26506155593957487,48128
mean,blackout,all,4,10.231511699660327,21.00832241660135,0.5647704688693413,0.751624792313371,268456
mean,blackout,GR,4,29.695587201912982,35.91455928229382,-0.02584843559115102,-0.35925211110909333,91855
mean,blackout,RHOB,4,0.12839495743170945,0.16249111652760462,-0.07923479978344417,-0.3768031515609754,86581
mean,blackout,NPHI,4,0.08782469010110087,0.10443601247298771,-0.04868062258826211,-0.28731620345991626,90020
mice,single,all,4,6.287259824148166,15.197155339077216,0.7835940928751586,0.8853524063899206,3998
mice,single,GR,4,18.73960313971161,26.318711296813138,0.45863248740870577,0.6786072955332174,1333
mice,single,RHOB,4,0.07403444658759181,0.09963385568330849,0.5445032662556034,0.7381273535677632,1141
mice,single,NPHI,4,0.04731003159603343,0.061122995255960204,0.6549409898846967,0.8093792684017564,1524
mice,block,all,4,7.916096151679705,16.627546736048583,0.7591226246270497,0.8718559155965002,48040
mice,block,GR,4,19.539449646815243,26.178810145332264,0.452432149860973,0.6757434516013474,19380
mice,block,RHOB,4,0.0677142249386886,0.09357161539328471,0.6264023975678619,0.7917071312517379,14500
mice,block,NPHI,4,0.044694117923914374,0.05918912377024683,0.6515979234937289,0.8086887223757625,14160
mice,profile,all,4,7.164543868959991,16.609982974412578,0.7359195128489342,0.8579103078909336,205312
mice,profile,GR,4,19.836082042485334,27.717641368152545,0.4046774462137588,0.6367173431534635,73728
mice,profile,RHOB,4,0.07477815378960108,0.0994913462841655,0.5949751238176009,0.7716401373324024,83456
mice,profile,NPHI,4,0.04678125816343844,0.061128092913439944,0.6363109038019141,0.7985831896611749,48128
mice,blackout,all,4,10.648923559216172,22.525359378354953,0.4996440544815175,0.7224336964701823,268456
mice,blackout,GR,4,30.936293398352596,38.50813924085308,-0.17936214732162958,0.1856756663550831,91855
mice,blackout,RHOB,4,0.11680409840581059,0.14946746711949693,0.0868333440328124,0.3141078652955896,86581
mice,blackout,NPHI,4,0.07777357546306801,0.0940057087155851,0.15032833367777743,0.39788160185741195,90020
rf,single,all,4,8.445083287885117,19.82049528026608,0.63189347894575,0.8144240784561277,3998
rf,single,GR,4,25.203468126724825,34.32558356893879,0.07912897364333948,0.4597456486801545,1333
rf,single,RHOB,4,0.0783502766168713,0.11175804115714622,0.42690191822702694,0.6983251540947912,1141
rf,single,NPHI,4,0.051064505525363554,0.06618785773956451,0.595386130704052,0.7791638343793742,1524
rf,block,all,4,10.377801907218648,21.807487427655914,0.5856656710155108,0.7964679023246787,48040
rf,block,GR,4,25.632120955888453,34.334289655396816,0.05812283618546077,0.4577244410395651,19380
rf,block,RHOB,4,0.07556795328238915,0.1070545545692967,0.5109805600413818,0.7467776000669633,14500
rf,block,NPHI,4,0.04967261123382828,0.0666351466238195,0.5584258632449126,0.7633030273440423,14160
rf,profile,all,4,8.949184106103836,20.164454152632736,0.6108017504023049,0.8004293555306705,205312
rf,profile,GR,4,24.800494058031795,33.649170025686196,0.12261843140718998,0.48183785168990034,73728
rf,profile,RHOB,4,0.07706081113875186,0.10730509453127897,0.5288580602823117,0.7511177959064574,83456
rf,profile,NPHI,4,0.050965638036627646,0.06654258908445182,0.5690290705563819,0.7662818628371609,48128
rf,blackout,all,4,11.93724447517919,24.95915965410341,0.3856787679179461,0.6966545326770779,268456
rf,blackout,GR,4,34.69155736435453,42.66884734742152,-0.44798458893089665,0.07756836207597913,91855
rf,blackout,RHOB,4,0.12349239685774425,0.1639278773425322,-0.09840455607392973,0.21311349444685,86581
rf,blackout,NPHI,4,0.08153528008863274,0.10063343215447344,0.02629533679517393,0.3095343951648238,90020
saits,single,all,4,0.6373026154175021,1.6117974043017698,0.9975657487031963,0.9987981638999024,3998
saits,single,GR,4,1.8987674255256624,2.791291479838151,0.9939106164468451,0.9972092485220807,1333
saits,single,RHOB,4,0.00822807235951804,0.020509395916951053,0.9806991191182174,0.9903839100515232,1141
saits,single,NPHI,4,0.004915123130744836,0.00696976167624653,0.9955133729331727,0.9981193461510529,1524
saits,block,all,4,7.490781096675333,15.373491377023598,0.7940865698740521,0.8944991794118118,48040
saits,block,GR,4,18.470114306006025,24.20430403922606,0.5319164991061249,0.7766331755759998,19380
saits,block,RHOB,4,0.07847789836752003,0.10761156032180975,0.5058785770898901,0.7575285469481955,14500
saits,block,NPHI,4,0.054264061268166464,0.06956495697360635,0.5187420077060318,0.7783352590775767,14160
saits,profile,all,4,10.551212076707419,21.312396811837065,0.5652270408863855,0.7528421201638515,205312
saits,profile,GR,4,29.187882899125626,35.56455929767919,0.01989036955187362,0.1731810978553404,73728
saits,profile,RHOB,4,0.12461591343126871,0.15674921593617752,-0.005360543754352465,0.036264561892870854,83456
saits,profile,NPHI,4,0.0815799084711545,0.09576149631934129,0.10745435751381416,0.44353188501908236,48128
saits,blackout,all,4,8.309470807103997,17.692508016298767,0.6913157936849132,0.8327346342281096,268456
saits,blackout,GR,4,24.120939567249877,30.24606838901147,0.2724212988847695,0.5710625576019268,91855
saits,blackout,RHOB,4,0.10494134281574939,0.13424226677643922,0.2633940055882643,0.5677971051317247,86581
saits,blackout,NPHI,4,0.06679032037150089,0.08283243725053129,0.34030444065693655,0.6149636500912666,90020
stgnn,single,all,4,6.342374716605062,14.279051304150679,0.8089516839812361,0.9102560775931718,3998
stgnn,single,GR,4,18.909876663911326,24.728701916112033,0.522068572947201,0.7777066512660682,1333
stgnn,single,RHOB,4,0.06500029626590552,0.09250904902284941,0.6073190565854736,0.7838408741994903,1141
stgnn,single,NPHI,4,0.049726499969712526,0.06572002162742475,0.6010857860639622,0.7850740864291186,1524
stgnn,block,all,4,8.928213365038363,17.904112109878568,0.7207165290903159,0.8596287148364847,48040
stgnn,block,GR,4,22.03334016553983,28.18864073211265,0.3651276646105308,0.6635205440705002,19380
stgnn,block,RHOB,4,0.07399438617147248,0.10126158449320899,0.56247259188935,0.7542859413047909,14500
stgnn,block,NPHI,4,0.058779593841438715,0.07656625021919305,0.41699581818925857,0.6771149523417372,14160
stgnn,profile,all,4,8.250322316883056,17.98169580284213,0.6905010138456571,0.844042771633838,205312
stgnn,profile,GR,4,22.850354009091006,30.006670255568977,0.3022892647058387,0.6285678833223521,73728
stgnn,profile,RHOB,4,0.07628221016811447,0.10352369585547663,0.5614787746467845,0.7514016184522392,83456
stgnn,profile,NPHI,4,0.0584496968467827,0.07370520306616517,0.4712566952254751,0.7062058248666856,48128
stgnn,blackout,all,4,8.994016648418484,20.09304416964207,0.6018680002015663,0.786737789560946,268456
stgnn,blackout,GR,4,26.101449751083294,34.349877801980085,0.06159025213959557,0.43077247643400096,91855
stgnn,blackout,RHOB,4,0.10903822674333104,0.1456800540884474,0.13252516896941524,0.4326335035018788,86581
stgnn,blackout,NPHI,4,0.08340844004012463,0.10577155506102136,-0.07567347427771676,0.2959203752454578,90020
unet,single,all,4,4.324589153337085,10.007580786948742,0.9061568201492468,0.9572357221021809,3998
unet,single,GR,4,12.877447875209617,17.331186691820438,0.7652424593954799,0.8970120801510012,1333
unet,single,RHOB,4,0.06295637296648218,0.09199765444305075,0.6116485757151484,0.8533356970352945,1141
unet,single,NPHI,4,0.034275719050190896,0.04778354822546892,0.7891173224339074,0.897301024488629,1524
unet,block,all,4,7.282114147438166,15.431909918798896,0.7925186739226475,0.8938454547684548,48040
unet,block,GR,4,17.973179903512644,24.296365952471028,0.5283489836095259,0.7370147262477914,19380
unet,block,RHOB,4,0.06627038852921847,0.09025047430233608,0.652451985104914,0.8201600822281107,14500
unet,block,NPHI,4,0.038955966043838504,0.05213374687076829,0.7297070046250979,0.8586375345958805,14160
unet,profile,all,4,7.159280383416855,16.786154422444223,0.7302879400699438,0.8562749920362709,205312
unet,profile,GR,4,19.82742556396665,28.011642797002185,0.39198127707811026,0.6351544785415569,73728
unet,profile,RHOB,4,0.0714054142562044,0.09725504061120467,0.6129782951149942,0.7928115111622047,83456
unet,profile,NPHI,4,0.04343691505531984,0.05819268702753276,0.670401361430736,0.8253537760642874,48128
unet,blackout,all,4,9.617464104385636,20.733126796850573,0.5760982447427789,0.7623191109210653,268456
unet,blackout,GR,4,27.933799420365524,35.444209191857944,0.0008453824480828542,0.2673260744680579,91855
unet,blackout,RHOB,4,0.11202059628304481,0.14385615594518816,0.15411057197326627,0.44162533865736453,86581
unet,blackout,NPHI,4,0.07007267943226915,0.08752639226670243,0.26341862055083076,0.5307109038449963,90020
xgb,single,all,4,7.191925033966565,16.838952340645076,0.7343103470720216,0.8607861418641511,3998
xgb,single,GR,4,21.45643604347246,29.16205056984914,0.33534072805837334,0.5955840155071019,1333
xgb,single,RHOB,4,0.07090061406729829,0.10147767039766543,0.5274885139672696,0.7420942598615347,1141
xgb,single,NPHI,4,0.046580996849571704,0.06078306265827222,0.6587683754669424,0.8132992887993109,1524
xgb,block,all,4,9.257504006976504,19.209316664664648,0.6785129468187339,0.8369174066404826,48040
xgb,block,GR,4,22.864190660147965,30.24364933119679,0.269186566502856,0.5678204628342579,19380
xgb,block,RHOB,4,0.06751975667065588,0.09716215626717992,0.5971808442291222,0.7840863866334639,14500
xgb,block,NPHI,4,0.04544075068920367,0.061601515770062974,0.6226192785690577,0.794389224480746,14160
xgb,profile,all,4,7.991719033178958,17.945162987690008,0.6917573339924457,0.8370470459758089,205312
xgb,profile,GR,4,22.145791912904112,29.94574759729358,0.3051195182390215,0.5748947417596176,73728
xgb,profile,RHOB,4,0.06922455661947284,0.09737436387708577,0.6120280302587812,0.7890567329449623,83456
xgb,profile,NPHI,4,0.04682653316591468,0.061030984679383816,0.6374655007047991,0.801825327050345,48128
xgb,blackout,all,4,20.632955200119223,42.12233335051486,-0.7496873380723728,0.6804831444696847,268456
xgb,blackout,GR,4,59.840948487428655,72.00945993206864,-3.1240243898575963,0.03414097420843433,91855
xgb,blackout,RHOB,4,0.33124416503923215,0.41098528665317674,-5.904134504541148,0.08446215492639449,86581
xgb,blackout,NPHI,4,0.15186455051305625,0.18181089239209725,-2.1782091769859444,0.22017376177117262,90020
